foreign_id,time,actor,activity_id
619e7379cce1689069a706e4,2021-11-24T17:16:31.299Z,619e72ad9e7b49202b87aef5,619e296d249e60c8d58ac0f6
619e78565219c46e3ddff193,2021-11-24T17:37:28.633Z,5f9808389247560035ad503f,619e70309e7b49202b879bc4
619e890edd42c4b83bdc1cae,2021-11-24T18:48:49.991Z,619e80e61eef443055ea045e,619d00c3d2a058fde1643119
619e9fa43bb4ff11266ffa6e,2021-11-24T20:23:47.955Z,619e9dd1a2bbf64f1b45d2fe,619e8aa714f7f03fbb3ac444
619f0f241e1d0fc35fc6af59,2021-11-25T04:20:54.200Z,619f0e78fbda5a59468b8073,618183cad5d7f74c5b91ad45
619eee5dca2ebefe33db6390,2021-11-25T08:01:52.526Z,6101ce682e9cf52dd0bb2547,6193a9aa11251a865309d02a
619f48849eb8e1894a5daf14,2021-11-25T08:25:41.621Z,619f42bcbb7bce9e35535d43,619dff6b876652999e1db8ef
619f64b31d3ef011a6b8af0e,2021-11-25T10:25:56.880Z,60ef38fd6ce7a10c0271865e,6197a5fff0fe8828412ee351
619f66af8f2765fd7d12ec73,2021-11-25T10:34:24.933Z,60c5a6baf1be8caa96ed8e2b,6197a5fff0fe8828412ee351
619f79af8a031f9f20bfb4f0,2021-11-25T11:55:31.514Z,615b580e2bc460a5c073dbdd,619f09b2fbda5a59468b66b6
619f7ad392c2a455b802e084,2021-11-25T11:56:56.447Z,619e6482ad118810a731d87c,619f09b2fbda5a59468b66b6
619f83edcccccd9f1c65e5c7,2021-11-25T12:39:10.365Z,617ec828e5e022079bb6dd13,619e1713c9e8e7b0e747170c
619f93f8c3d4e55bb0ee1070,2021-11-25T13:26:47.075Z,60a92bdcbde66f13ade3a5c8,61926c1711251a8653089c7e
619f93d8693bd47274f6feda,2021-11-25T13:47:05.919Z,619f916f465849f64a608f3c,60fb0f71a12de89650211a59
61a0403ffa1720e7d1d8c707,2021-11-25T14:05:41.941Z,617d6566e5e022079bb35a78,619e4e46402d14f81d386581
619f9de46082e5cbc446bcda,2021-11-25T14:29:57.100Z,613de6ea5b575f3c184e06c5,619f0ff4994a4766d4f8e238
619fa1c0c3772990e4425bb6,2021-11-25T14:46:27.078Z,60d9b375fdbf436f4661c1db,619f0ff4994a4766d4f8e238
619fabac55cec2833757afcd,2021-11-25T15:28:43.539Z,619fa8e5a80cda0d9ce1e14e,619ec75027cd550ec0602322
619fb515a7d613cd3df7261a,2021-11-25T16:08:55.960Z,619fb49107935f1cae8a46e8,619f09b2fbda5a59468b66b6
619f64b7bd1a6dbc3b3ad7c4,2021-11-25T16:25:54.540Z,619fb71d07935f1cae8a58af,60c1fb12f1be8caa96ecec63
619f64dabd1a6dbc3b3ad7c5,2021-11-25T16:26:28.873Z,619fb71d07935f1cae8a58af,5fcabffa331bc76201624e5e
619fbadafbb61a73bd88ce2b,2021-11-25T16:33:05.105Z,619f6cf108a312cf53cadf9e,619fb124630c7d15006ddf96
619fbe75b7154b7cefc9a439,2021-11-25T16:49:37.290Z,5fc85a7b3050bc2edd230fa6,611d5a6a706992093ce27e51
619fc71db9795479fa313b12,2021-11-25T17:25:55.393Z,5fbb9998053042266ea2a887,619f716608a312cf53caff2f
619fc723b9795479fa313b13,2021-11-25T17:25:56.231Z,5fbb9998053042266ea2a887,619f716608a312cf53caff2f
619fc794b9795479fa313b14,2021-11-25T17:27:49.311Z,5fbb9998053042266ea2a887,619f4699bb7bce9e355379cb
619fc844eb741add23978596,2021-11-25T17:30:46.743Z,615b62032bc460a5c07829f2,619f716608a312cf53caff2f
619fcf4123201281fae390b7,2021-11-25T18:00:42.121Z,619fcec3a255653c67ef46a7,619fb0f3630c7d15006ddea9
619fcf7f3808267ab3a54dac,2021-11-25T18:01:44.205Z,619fcec3a255653c67ef46a7,619f84114da3ffe74bbbd967
619fd05e1536fbc0dd1cba0b,2021-11-25T18:05:20.079Z,60efd40ea8e8e737365cdabc,619f6f6208a312cf53caf12d
619fd8d1b28caf0dc054790b,2021-11-25T18:41:22.705Z,619fd7198f967f4480b7257d,619fb67507935f1cae8a557e
619fd88ec2a79c08bea8c732,2021-11-25T18:42:08.305Z,61979bfff0fe8828412ecfbe,619f6f6208a312cf53caf12d
619fd93bb28caf0dc054790c,2021-11-25T18:43:08.110Z,619fd7198f967f4480b7257d,619fb124630c7d15006ddf96
619fd948b28caf0dc054790d,2021-11-25T18:43:20.948Z,619fd7198f967f4480b7257d,619fb0f3630c7d15006ddea9
619fd95eafa514d453559cb4,2021-11-25T18:43:43.694Z,619fd7198f967f4480b7257d,619e8aa714f7f03fbb3ac444
619fd9c72b6e47d219dc2b4e,2021-11-25T18:45:28.058Z,60efd40ea8e8e737365cdabc,619b436ff0fe88284132b9ff
619fdc3cf8c21f978ba02f22,2021-11-25T18:55:59.237Z,619e34185e0a49db40706dd2,619fb67507935f1cae8a557e
619fdc46e1b7550b76adfd21,2021-11-25T18:56:09.110Z,619fdb4e8f967f4480b7394a,619bff25644580b7e18cb81e
619fe150f88f78d1c906ef66,2021-11-25T19:17:40.102Z,5ee38927adec480035a97ede,60c1fb12f1be8caa96ecec63
619fe39f82dac838ea28f196,2021-11-25T19:29:21.526Z,61979bfff0fe8828412ecfbe,619b436ff0fe88284132b9ff
619fe48b210d6bc5eed564cb,2021-11-25T19:31:24.613Z,60efd40ea8e8e737365cdabc,619b436ff0fe88284132b9ff
619fe94c92b881c24934dfe9,2021-11-25T19:51:46.967Z,60c08f6af1be8caa96ecc75c,617deea0e5e022079bb497ff
619fea5a92b881c24934dfea,2021-11-25T19:56:13.189Z,60c08f6af1be8caa96ecc75c,619f66fe906e8cc70c112102
619febbe6b42e83d337be946,2021-11-25T20:02:07.007Z,617518390c9e723c3ec6b585,617deea0e5e022079bb497ff
619f9861c6f06d0558b3e1e1,2021-11-25T20:07:16.462Z,6101ce682e9cf52dd0bb2547,619f4699bb7bce9e355379cb
619feeeed1a5f0a29c5809ed,2021-11-25T20:15:48.965Z,60c08f6af1be8caa96ecc75c,617deea0e5e022079bb497ff
619ff3e80fe8923b59fc5874,2021-11-25T20:37:00.238Z,5fc34c85878c9ac22a8bc199,619f66fe906e8cc70c112102
619ff478127eb140786486a7,2021-11-25T20:39:24.301Z,60c08f6af1be8caa96ecc75c,619f66fe906e8cc70c112102
61a0462dd3c0e641b53805ea,2021-11-26T02:27:59.527Z,5ff946e97a9968230285079b,619fb67507935f1cae8a557e
61a06c719b04704f9039430d,2021-11-26T05:11:59.323Z,611ccf601f0dcb8f6d6a7f10,61a06c56b5985c6912ef6907
61a076a58ee6778c63995017,2021-11-26T05:54:48.511Z,619e34185e0a49db40706dd2,619fb67507935f1cae8a557e
61a076af2c115caed3ce2e3c,2021-11-26T05:54:57.736Z,5fc34c85878c9ac22a8bc199,619f66fe906e8cc70c112102
61a0826371460e62c71c4f38,2021-11-26T06:45:47.780Z,61212aa69812f96d4724b533,6197c51bf0fe8828412efb15
61a0829b71460e62c71c4f39,2021-11-26T06:46:44.228Z,61212aa69812f96d4724b533,6172bddd3cee770d7f46580f
61a0b4d2ad57f9a5cbf85939,2021-11-26T10:20:05.868Z,61a0b2cce16d33b542a8beb0,61a0ad78ceda5fad83e3f4a9
61a07051e71ebaaf67aa5ff3,2021-11-26T11:30:53.727Z,61a0c2500e7642c4a1e456b5,61a07a546c3f757856961c0d
61a0c8d33bc83c11e4b43859,2021-11-26T11:45:24.511Z,619dd90af108df70f682c39b,619fb124630c7d15006ddf96
61a0d5c941ce4b0284e045b9,2021-11-26T12:42:55.768Z,60a7ddd2bde66f13ade37f75,619e8aa714f7f03fbb3ac444
61a0d5cd41ce4b0284e045ba,2021-11-26T12:42:58.557Z,60a7ddd2bde66f13ade37f75,619e8aa714f7f03fbb3ac444
61a0d86e03c2e90326640dd3,2021-11-26T12:50:07.884Z,61617ff2e39b33b0fc856a5a,619be0bef0fe882841338519
61a0d852b16eff2bf0824d6b,2021-11-26T12:51:37.384Z,619df7f905381291df47a373,619be0bef0fe882841338519
61a0b7b55d556cfb80ddb620,2021-11-26T16:29:07.841Z,61a10a7714cece1812ecef62,619a9de8f0fe8828413244af
61a11604d35389b33e1d3512,2021-11-26T17:14:50.905Z,619fb1c207935f1cae8a35a2,618a7e12b9fba8a46f79017a
61a11658d35389b33e1d3513,2021-11-26T17:16:15.008Z,619fb1c207935f1cae8a35a2,61691c219f3dd24c1d5c5722
61a136992c4983ed01949906,2021-11-26T19:33:45.921Z,61a135aa98fa364512881264,619d00c3d2a058fde1643119
61a109ba4fd9952e25fdf863,2021-11-27T04:25:39.475Z,619fdc687ec81d4c38cd3843,617ce587e5e022079bb13e74
61a1ecc1c9ff0c61d7934139,2021-11-27T08:31:00.608Z,61a0f03345201e01904af3ba,619e5e4f7c449d08647f8375
61a1fb6e11061a434d3c959b,2021-11-27T09:33:39.916Z,61a1fad0ab1c39b796df7573,61a1d0e269c29e86b4cc63e1
61a1ae92b0a6b2f30f38a8e8,2021-11-27T10:03:11.759Z,5fafb365704ecc7d643122c3,61a1d0e269c29e86b4cc63e1
61a215646f9ce340289dbe5e,2021-11-27T11:24:24.949Z,61a2072ba4cef6c681632475,6162738ce39b33b0fc8944f6
61a237ee9e6f4420b05d8718,2021-11-27T13:51:44.596Z,5d0b4afe0193e300249cfba1,619e029edc4623a186c34039
61a1e552b0a6b2f30f38a8e9,2021-11-27T13:56:48.012Z,5fafb365704ecc7d643122c3,619e029edc4623a186c34039
61a28c02f2ca28b6feda152d,2021-11-27T19:50:27.858Z,616dc192113b6796eb73b751,61710f873cee770d7f380ac5
61a2fdf325aa49c9ee02e791,2021-11-28T04:01:47.237Z,61a26d4276c2382f03eaf4dd,61a2242320799fe462a03da3
61a2bcc111c0dd50c3766d05,2021-11-28T05:21:50.883Z,615a0248c0cd16c1297fae8e,61a2242320799fe462a03da3
61a33d5e2342bccf81b4bb3d,2021-11-28T08:27:12.871Z,619f0e78fbda5a59468b8073,61a21994d8d14ed546fa15a9
61a34cc08aea9ba02e59441b,2021-11-28T09:31:23.463Z,60461786344049edfc8b604d,61a21994d8d14ed546fa15a9
61a3892ec33c07babe8a72f2,2021-11-28T13:50:40.376Z,61a3875cbd3303ec362a12fa,61a291cf08d63854c6664705
61a398c713c9f15461c45a8b,2021-11-28T14:57:16.302Z,61a3875cbd3303ec362a12fa,619f25eec994237f04dc1130
61a39c11c5a728e6308f3fc1,2021-11-28T15:11:14.965Z,613dfc445b575f3c184e3b25,617a1b7bc4861604782cefe8
61a52b3edfacad71e8acd6fb,2021-11-29T19:34:24.310Z,61a50bd1d1a4af1f9bad9bff,617ce648e5e022079bb14442
61a5eecf0d42c067e834e0ef,2021-11-30T09:28:39.860Z,5fbea9b9d75cf2430356826f,61a4ac28448bccbd7ffaebd6
61a5eee10d42c067e834e0f0,2021-11-30T09:28:57.587Z,5fbea9b9d75cf2430356826f,61a4ac28448bccbd7ffaebd6
61a6394e9670d4a848ff29e1,2021-11-30T14:46:40.429Z,618051c3d821687261fc6136,619a40f5f0fe882841319768
61a670fc4ee57dfb840bf3fe,2021-11-30T18:44:14.838Z,616de604bb137ccf4431de5a,61a4ac28448bccbd7ffaebd6
61a76769f769f46d7fabbe6d,2021-12-01T12:15:39.847Z,61a0f03345201e01904af3ba,618183cad5d7f74c5b91ad45
61a76796f769f46d7fabbe6e,2021-12-01T12:16:30.079Z,61a0f03345201e01904af3ba,6178561e5aa7dcbfa6b0fb92
61a767a8f769f46d7fabbe6f,2021-12-01T12:16:49.895Z,61a0f03345201e01904af3ba,6178561e5aa7dcbfa6b0fb92
61a77cec998e93ef63636536,2021-12-01T13:49:14.551Z,61a116664f8a79272f2c34dd,61a6ec011b5de24b0c356688
61a7b5020a34da65b1bc31c2,2021-12-01T17:46:43.794Z,60a95325bde66f13ade3aa3b,61a76a5ac27132d6879dd4fc
61a86451318f5c5db17ec940,2021-12-02T06:14:42.732Z,61a7d672da987946dd19f38c,61a7d98d10d2734e8d69d499
61a868a08c3fe4bcbd502e72,2021-12-02T06:32:56.707Z,6198a789f0fe8828412fa9ee,619bff25644580b7e18cb81e
61a868c68c3fe4bcbd502e73,2021-12-02T06:33:42.040Z,6198a789f0fe8828412fa9ee,619c0185644580b7e18cb86a
61a8695fb43fa0db8b515df7,2021-12-02T06:37:11.929Z,61212aa69812f96d4724b533,61a6ec011b5de24b0c356688
61a8c54be7c535c99f0c3ee0,2021-12-02T07:08:37.510Z,61a1e2af30460b9d3b57e660,61732c3e0c9e723c3eb94870
61a89cb375a56538cb3f0d71,2021-12-02T10:15:02.802Z,5fbea9b9d75cf2430356826f,61a7d98d10d2734e8d69d499
61a8c49340cb89fca1eaf836,2021-12-02T13:05:24.774Z,60aa5b94764220ccbddb548c,6158684cc0cd16c1297d1d08
61a8e92f92630e7b44c9c6c5,2021-12-02T15:41:37.788Z,619f0b22fbda5a59468b6c93,619f25eec994237f04dc1130
61a8ff688a5a0c2d701337ba,2021-12-02T17:16:26.770Z,61a8fec7c3d7bc1c4080c155,619e5e4f7c449d08647f8375
61a98ca1df32a58cce79bc6e,2021-12-03T03:18:59.579Z,61a04be03bac504267531a18,614b0a7aee419ad0b2bc4c28
61a9aeec35f313bbb8833d58,2021-12-03T05:48:16.360Z,5fbe449cd75cf24303566fed,61a7d98d10d2734e8d69d499
61a9ee27cb5309508db966c0,2021-12-03T10:15:05.061Z,619f0b22fbda5a59468b6c93,619cf07d1d11cfe8468cf7a6
61aa0ae917508ed4176a63c3,2021-12-03T12:17:45.512Z,6132056c8d76de41e4f931cd,61a7a40bdaa40d12daa74d7d
61aa5126e80b6746da3636e5,2021-12-03T17:18:23.093Z,61212aa69812f96d4724b533,619f25eec994237f04dc1130
61aa5136e80b6746da3636e6,2021-12-03T17:18:39.244Z,61212aa69812f96d4724b533,619f25eec994237f04dc1130
61aa54c33e33b474b85f771e,2021-12-03T17:32:51.231Z,61aa529f67c85426c40fa573,618a7e12b9fba8a46f79017a
61aa5deb07e20eb4b7851d2f,2021-12-03T18:11:56.870Z,5faed8bd8ebd0720bb024c14,61a7d98d10d2734e8d69d499
61aa5df007e20eb4b7851d30,2021-12-03T18:12:00.790Z,5faed8bd8ebd0720bb024c14,61a7d98d10d2734e8d69d499
61aa7d3fa7aee3fdb9596ee3,2021-12-03T20:25:36.026Z,611bdd4a5e8f267fc7db9951,6194ca05f0fe8828412c5429
61aaa1f9491c41f5699a48d0,2021-12-03T23:04:15.409Z,61a116664f8a79272f2c34dd,61a6ec011b5de24b0c356688
61aaa251491c41f5699a48d1,2021-12-03T23:05:43.069Z,61a116664f8a79272f2c34dd,619cf07d1d11cfe8468cf7a6
61ab145dba683aecffff0395,2021-12-04T06:12:05.625Z,61979f93f0fe8828412ed42c,6197a867f0fe8828412ee5c0
61ab3ed3e04907cacb0f9a47,2021-12-04T10:11:35.491Z,616eb454bc4aed11d6e6287f,61aac53eff96982cc7cc02c8
61ab40eba8ed9e3f517d0970,2021-12-04T10:20:29.671Z,619f0b22fbda5a59468b6c93,618531d4b9fba8a46f724d99
61adbe7962aca34d67e7f8a6,2021-12-05T07:40:10.139Z,61abb74da826a03b50e006bf,61abb8e6a826a03b50e00826
61adc06ce3c9cef7fe6156c3,2021-12-05T07:48:28.940Z,61abb74da826a03b50e006bf,61ac6dfbecfa3c8d71abc399
61acabcfa8e1ad1a7ddb8507,2021-12-05T12:08:49.192Z,5d0b4afe0193e300249cfba1,61ac81b652e197a36de63ed3
61ad9c83ae10f849827e3f8c,2021-12-06T05:16:50.668Z,61ad9b67e8e9216861a5bbc9,61a933db172818514e9e39a0
61ae188f80e93f87f2d03a08,2021-12-06T14:05:05.617Z,5fbb9998053042266ea2a887,61ad09b3c2bae533c132d1dd
61ae18b280e93f87f2d03a09,2021-12-06T14:05:45.115Z,5fbb9998053042266ea2a887,61acf35c0e39c51d4d06cde7
61ae18c480e93f87f2d03a0a,2021-12-06T14:05:58.394Z,5fbb9998053042266ea2a887,61acaff9408657d739459297
61ae18e680e93f87f2d03a0b,2021-12-06T14:06:33.004Z,5fbb9998053042266ea2a887,61ac804d52e197a36de63dc0
61ae19b780e93f87f2d03a0d,2021-12-06T14:10:01.036Z,5fbb9998053042266ea2a887,61ac50172270a06fe6d01ca5
61ae19c180e93f87f2d03a0e,2021-12-06T14:10:10.676Z,5fbb9998053042266ea2a887,61ac4f922270a06fe6d01c80
61ae19ce80e93f87f2d03a0f,2021-12-06T14:10:24.481Z,5fbb9998053042266ea2a887,61ac4f1f2270a06fe6d01bed
61ae2cf69f1ce47a02179a01,2021-12-06T15:30:19.482Z,60a7ddd2bde66f13ade37f75,61ac804d52e197a36de63dc0
61ae3b3083abc4d4f827d95b,2021-12-06T16:32:50.438Z,5fbb9998053042266ea2a887,619e4a114a92e7f6b31d44b5
61ae5321e58e2213ad96905e,2021-12-06T18:14:59.372Z,612d21574fbb634219d92674,61ade3c5322c13b2fd4e1ce4
61ae6cd2f7ea0640d0bc8602,2021-12-06T20:04:35.559Z,6138ce86c70223b0b8a0894d,615827b1c0cd16c1297c6a00
61aee18badf8721dc02f84b7,2021-12-07T04:05:11.563Z,614e138b63ef0a660addb5a0,615827b1c0cd16c1297c6a00
61af1f6444a3dc24dce93ccf,2021-12-07T08:46:33.402Z,60aa5b94764220ccbddb548c,61a071766e3f5e70afed5059
61af2da7fa1583615cc45130,2021-12-07T09:47:21.750Z,61ade0de322c13b2fd4e15bc,61ade3c5322c13b2fd4e1ce4
61af4f2c57d5adf6d638bd5c,2021-12-07T12:10:22.837Z,60ce14bb6c337f51c283acc1,619e70309e7b49202b879bc4
61af5d8da870c20633488564,2021-12-07T13:11:43.425Z,5fcec4379cf1fdb7daf59318,61acfdc83d6e932c5d4db14e
61af91d7cb08787caa18018e,2021-12-07T16:55:07.824Z,619fdc687ec81d4c38cd3843,618bf53db9fba8a46f7c400e
61b09e2ae15e859e04173e00,2021-12-08T11:59:39.174Z,617284e23cee770d7f444c84,61af8d2a65b932150b084cb4
61b0a5efa14853339af083c0,2021-12-08T12:32:50.174Z,60fc6fffa12de8965021d434,61af981bee7acd1c87d58c46
61b0a66ca14853339af083c1,2021-12-08T12:34:55.427Z,60fc6fffa12de8965021d434,61ae0b6f48f80ee2bcc3cc84
61b0a8c189052f052abb38c0,2021-12-08T12:46:53.725Z,61979bfff0fe8828412ecfbe,61ae0b6f48f80ee2bcc3cc84
61b0ba16e4a99ca4b4b6f67d,2021-12-08T13:59:15.679Z,5fe0fd79fc16c2881e4af032,61b0a5407fdc89d6512c81f5
61b2167e2fad67cacf58b36b,2021-12-09T14:45:20.392Z,60c08f6af1be8caa96ecc75c,61b20d16b203d90528643fcd
61b218639e19ad167e6f66d6,2021-12-09T14:53:24.582Z,60efc81ba8e8e737365cd38a,61b20d16b203d90528643fcd
61b246ff0e006965efb09a26,2021-12-09T18:12:16.725Z,6101b1f82e9cf52dd0bad89b,61acfdc83d6e932c5d4db14e
61b257f2c948be6f62538012,2021-12-09T19:24:39.752Z,611e0331706992093ce2efe7,61aa19da8ca6aaeae20587a4
61b2e5d4dc411ca77cfedad6,2021-12-10T05:31:11.427Z,61a07e7c6c3f757856963891,618a546cb9fba8a46f78c320
61b2fd1948a5d16a5390ca9d,2021-12-10T13:04:26.729Z,60c7a5614b5ae10868f80af0,61816a89d5d7f74c5b914385
61b341d76aa67e1257e028a3,2021-12-10T17:56:32.789Z,5fc5dda1878c9ac22a8bdfaf,61a5f5a37386c0ac4d43a531
61b4d08a16d125c631dc8091,2021-12-11T16:23:40.831Z,61b4cdeeffc0a007a59e8097,618ae4deb9fba8a46f7a1ac6
61b4d11d16d125c631dc8092,2021-12-11T16:26:05.892Z,61b4cdeeffc0a007a59e8097,6034893f5ef9ba5d32b6baa4
61b4d15016d125c631dc8093,2021-12-11T16:26:59.207Z,61b4cdeeffc0a007a59e8097,61765a283acd081809722672
61b4d37f9cb106582097838a,2021-12-11T16:36:16.678Z,61b4cdeeffc0a007a59e8097,61a4a35d39009aae60018fd4
61b5022d4beb85baa7511dee,2021-12-11T19:55:31.300Z,6135bc6d9f663dd7836cfb4f,616e9e9232fb730867b688f7
61b572dcfbb739961488648e,2021-12-12T03:56:13.584Z,611bc0955e8f267fc7db7289,61881b60b9fba8a46f7602b4
61b6f6269c357a6d4da1e5d7,2021-12-13T07:28:39.842Z,61a274732c91a336bf19f10e,614b0a7aee419ad0b2bc4c28
61b730411b6e2f85456f5c8e,2021-12-13T11:36:38.330Z,61b72f926ac61acd232fda26,61b70dfe4f02faa4a5c74468
61b735d5c309a8c318d1e5b4,2021-12-13T12:00:26.979Z,61b7350a6ac61acd23300539,61b70dfe4f02faa4a5c74468
61b73618c309a8c318d1e5b5,2021-12-13T12:01:31.837Z,61b7350a6ac61acd23300539,61b6f79ef62bd48de63be726
61b747374dd2c8a3f9d87dd2,2021-12-13T13:14:32.559Z,61b746845692c3e4961f797e,61b6f724f62bd48de63be706
61b76454bfc81a5fddb93aac,2021-12-13T15:18:45.814Z,61b762544113750433a96bca,61b70dfe4f02faa4a5c74468
61b76d1a1c53ed492941b639,2021-12-13T15:56:12.494Z,61b76ade1adc2f0bb10655aa,618fbb25b9fba8a46f80ae3b
61b7864aaeb3b005d0e158f0,2021-12-13T16:40:11.228Z,60a93ec0bde66f13ade3a83f,61786ae55aa7dcbfa6b169f3
61b77f404d0e825e2f5b734e,2021-12-13T17:13:38.934Z,61b77ad9eca9a21ac306683d,61b5fad3f860c4e9e101a6c8
61b7d4416cf378ea36292c44,2021-12-13T23:17:44.470Z,61212aa69812f96d4724b533,6197c51bf0fe8828412efb15
61b81bba3f040f983acfb893,2021-12-14T04:21:16.878Z,5f7847cf2a0eeb0035b9c7ee,61b7523f68a213ebfcfb1365
61b823cc4e1bde9412af5b5b,2021-12-14T04:55:41.199Z,61b78a501837af29f6599b8a,61b5790b0ba58463c0458a3f
61b83a400df8f068ec7eaa56,2021-12-14T06:32:04.809Z,61b835fb6ffe6279bbbd6978,61aba9e88a73142a94f3ba8f
61b83e24ee11f4b1ea3ea5c5,2021-12-14T06:48:07.176Z,6161c70ae39b33b0fc8788f5,61b6f79ef62bd48de63be726
61b83e39ee11f4b1ea3ea5c6,2021-12-14T06:48:27.820Z,6161c70ae39b33b0fc8788f5,61af981bee7acd1c87d58c46
61b83e4fee11f4b1ea3ea5c7,2021-12-14T06:48:53.834Z,6161c70ae39b33b0fc8788f5,61a48e79e23b049509ccf38f
61b85931deab60f6e4bb81d4,2021-12-14T08:43:31.538Z,61b7745ad8141a13266f162e,61a75fd8eb01afcc46555339
61b85d9897bf53d80643fbda,2021-12-14T09:02:17.683Z,61b7745ad8141a13266f162e,61b7523f68a213ebfcfb1365
61b87e36b9537db9ee7d2a12,2021-12-14T11:21:27.633Z,60d8bca4fdbf436f466171b8,61b7d47b4b46320ea13473ed
61b8c05bb9225fefb77d068a,2021-12-14T16:03:41.177Z,6176686d3acd081809727257,61b70c354f02faa4a5c7434f
61b9bd39cd5699588c0d1c65,2021-12-15T10:02:34.847Z,61b9bca8c45542bd9ca75603,615db59c22c115403b41fc92
61b9bd6ccd5699588c0d1c66,2021-12-15T10:03:26.362Z,61b9bca8c45542bd9ca75603,619da3106cc8e83374d4217b
61b9be11795de9044b1aed95,2021-12-15T10:06:26.485Z,61b9bd03c45542bd9ca760b6,61786ae55aa7dcbfa6b169f3
61b9cb127258ffc58bf88fb8,2021-12-15T11:01:39.560Z,60ef38fd6ce7a10c0271865e,616fb98f0d67f630e59b35f2
61b9dde9e0bf74c7d87076d3,2021-12-15T12:22:03.819Z,5fbfac2fd75cf24303569b79,61b9c7f65a0f1ec55635cbbc
61b9eba5044685271fc05e2f,2021-12-15T13:21:10.114Z,61b9eb0b740b16eb0355edd4,619e5e4f7c449d08647f8375
61b9eeb31164ee4ea8e6bfd7,2021-12-15T13:33:43.597Z,61b9eb0b740b16eb0355edd4,61b7942ab9e7c138c0c72407
61b99ffb2aacacb853db02a3,2021-12-15T13:58:22.330Z,6112285ab711066e95fbef7e,61b9bb51c45542bd9ca7515f
61b9fa4b60bb39694325ecd8,2021-12-15T14:23:07.596Z,60d034bc6c337f51c2842c72,619371e911251a865309aa82
61ba00eaa719eac7dbf3a2c7,2021-12-15T14:51:24.607Z,61b9ff9fbe9c700207a8d33d,61922d5335dda45cb78d224b
61ba01320ce22018a0154d7a,2021-12-15T14:52:35.531Z,612a9d5a4fbb634219d48a17,61b70c354f02faa4a5c7434f
61ba0356ba64d5889593321b,2021-12-15T15:01:43.916Z,619e54449ddf70002d43c572,61b8f13b56db633d1fde7055
61ba033bdd8ace7cc0929352,2021-12-15T15:02:45.427Z,61b71941df6ca8aec8eacade,619bc71ef0fe88284133695a
61ba0996dbc9611a86afe71a,2021-12-15T15:28:24.803Z,610127ea2e9cf52dd0b80d97,60ffa418a12de89650232562
61b9bf3e611f153689dbc2fb,2021-12-15T16:12:42.867Z,61ba133863695318c8e4b6c9,619e296d249e60c8d58ac0f6
61ba13fd2bce6685b8807053,2021-12-15T16:13:32.482Z,61ba139963695318c8e4bb54,61a933db172818514e9e39a0
61ba184d34e7cbb61c38244a,2021-12-15T16:31:09.346Z,61b9d242a7c677d49c1da9b7,617ce7fce5e022079bb14e53
61ba2ca8fde3fa1463c7771e,2021-12-15T17:58:03.355Z,6176686d3acd081809727257,61b70c354f02faa4a5c7434f
61ba463cefffb34b55ec1201,2021-12-15T19:47:09.478Z,612a9d5a4fbb634219d48a17,61b85e31da0b0d9ef5d20b24
61ba7dcc1e2eb7f34942f169,2021-12-15T23:44:46.277Z,60ee758cef0ce94a07b689cd,61b2e1baa5200204e32d02ad
61ba7de71e2eb7f34942f16a,2021-12-15T23:45:14.312Z,60ee758cef0ce94a07b689cd,61b1e403545e3ed8bc3b52ef
61ba7dfb1e2eb7f34942f16b,2021-12-15T23:45:34.045Z,60ee758cef0ce94a07b689cd,61b15a4be4fee133c876fe36
61bab5badd54e6d745189ebc,2021-12-16T03:42:52.084Z,61baa7af94201fb8cbcfe9ff,6165f048b9b055c4e392abbb
61bad5d89a51feddf676448d,2021-12-16T05:59:54.631Z,5fbe89afd75cf24303567c9b,61b9bf1ac45542bd9ca77ba0
61bae51feaa4fd504da3d20f,2021-12-16T07:05:06.533Z,61bae1c1784873fd9892f63e,612787db9cde7144b4dcae3a
61bae8bca1a4548dcfa752bf,2021-12-16T07:22:45.548Z,61bae55d784873fd9893060c,61b9fcccbe9c700207a8c157
61baec476a56a3fc4f07941e,2021-12-16T07:35:37.310Z,61baebb632a356050638cf18,61ba4e37a345745532942114
61baee2d3e5b775e7750779d,2021-12-16T07:43:43.799Z,61ba4c35a3457455329413d0,61ba4e37a345745532942114
61baffa3217ba100d85989f5,2021-12-16T08:58:12.587Z,614976f7a90c1c8efdd9896a,61b9afd2886402ae6d0956f7
61bb0064f3e3c43337ec0b76,2021-12-16T09:01:25.624Z,6165ecceb9b055c4e392a715,6165f048b9b055c4e392abbb
61bb0e073db78066d876e55b,2021-12-16T09:59:37.632Z,61baa7af94201fb8cbcfe9ff,6165f048b9b055c4e392abbb
61bacb0d82dc98836115b26a,2021-12-16T11:14:02.521Z,6196169ff0fe8828412d90f0,61ba46019abdb94d731c7a7a
61bb2294b9a7c4a5f42c68d3,2021-12-16T11:27:15.581Z,603414775ef9ba5d32b6ba0d,61b70c354f02faa4a5c7434f
61bb2647eb966afe48c830f4,2021-12-16T11:45:20.400Z,61bae55d784873fd9893060c,6173fde90c9e723c3ebf6619
61bb265eeb966afe48c830f5,2021-12-16T11:45:43.207Z,61bae55d784873fd9893060c,617e2bfae5e022079bb4e31b
61bb460fd9d1e4dc3363d07c,2021-12-16T13:58:41.040Z,61bb31a94c8e3a50d8c2a308,618183cad5d7f74c5b91ad45
61bb51f46273ea47e093527f,2021-12-16T14:49:25.985Z,61bb4f98f824026f778ca40c,618a546cb9fba8a46f78c320
61bb61e58aae532773d19882,2021-12-16T15:57:26.439Z,61bacd6e677bb2e6b5247b77,614edb953d89127038649905
61bbb7546b697fe5980b1181,2021-12-17T04:03:14.578Z,61bb6eca9d0356958ae3a615,61ba46019abdb94d731c7a7a
61bbbde44129997d9164db71,2021-12-17T04:28:40.158Z,61829e62d5d7f74c5b940f3f,61b61b73d760660edc695573
61bbbe0b4129997d9164db72,2021-12-17T04:29:13.287Z,61829e62d5d7f74c5b940f3f,619d116628c3a90dfa49eb66
61bbbe334129997d9164db73,2021-12-17T04:29:57.881Z,61829e62d5d7f74c5b940f3f,619bb2a3f0fe882841332a5f
61bbdef14044f46782c72b78,2021-12-17T06:51:08.367Z,61bc321f73acda821d841e08,61816aa4d5d7f74c5b9143dc
61bbe319340c057c28b75981,2021-12-17T07:08:47.895Z,61bc321f73acda821d841e08,5fdc4d214520e50ba4009549
61bc40978a674a40f9917de0,2021-12-17T07:47:36.423Z,61bc402daac8e291504c51c3,61bad105677bb2e6b5249362
61bc637157c1a385bb826d4e,2021-12-17T10:16:20.434Z,615b580e2bc460a5c073dbdd,61b9aaee3b09c1a45fb5784f
61bc726a5bcbb99c55c73615,2021-12-17T11:20:12.397Z,60a8cd3cbde66f13ade397d6,61b61b73d760660edc695573
61bc72735bcbb99c55c73616,2021-12-17T11:20:20.861Z,60a8cd3cbde66f13ade397d6,619d116628c3a90dfa49eb66
61bcb94a7c9b2134c43a4c12,2021-12-17T16:22:36.814Z,61a4e0fbb58b6cf26bd3849d,6173e0210c9e723c3ebe4488
61bd22f5afcbc8af4f1d6a4c,2021-12-17T23:53:26.431Z,617518390c9e723c3ec6b585,61bc630a5508cdb789feba19
61bd2e63ce24ae340637b9d0,2021-12-18T00:42:10.790Z,61bd2da75aeb371dd25804ef,61a933db172818514e9e39a0
61bd5ce867be137c2608d03b,2021-12-18T04:00:43.335Z,60c677c9f1be8caa96eded16,6174701f0c9e723c3ec3f7c9
61bd0b0b2fc9fa48e21c912c,2021-12-18T04:11:05.496Z,61bd5d0ec6a76a4df466d2f9,61a487988505a88d967ef3fc
61bd73ad7a368bf858ad38c4,2021-12-18T05:37:51.007Z,612d217c4fbb634219d9268a,616ad84cab74f22113fe037d
61bd7118a960459a89cb1c5f,2021-12-18T11:25:09.891Z,611777ee038fac9389809dae,61a6f8f953a7e45baab27b20
61bdd4572c1e132b40be6a8c,2021-12-18T12:35:25.435Z,61bdd50e1a10acce8d761448,61bc19518d21186bba8979ac
61bdf0bcbfb0de8beea75cca,2021-12-18T14:31:26.833Z,61bb348f15ea61586402361a,61b1e403545e3ed8bc3b52ef
61bdc0fae8e99ac02c6eaa84,2021-12-18T17:02:54.662Z,61be1381c01217127db2e498,614b0a7aee419ad0b2bc4c28
61be3b50200e03983bed6834,2021-12-18T19:49:36.970Z,614976f7a90c1c8efdd9896a,619fdf787ec81d4c38cd4547
61be7fefb78d992eaa1638c1,2021-12-19T00:42:25.495Z,61be7e289d500b256b3b524b,618a7e12b9fba8a46f79017a
61bee6ca7ebbcdb5b4029179,2021-12-19T07:59:29.074Z,60a7ddd2bde66f13ade37f75,61bad105677bb2e6b5249362
61bef24b75e9c9b600553572,2021-12-19T08:50:21.492Z,61bef0327131369fb546e546,61a933db172818514e9e39a0
61be7ae0ff2c0b575ee3c209,2021-12-19T12:21:43.837Z,61bf1f6b58100ad42d5171f4,616abdbdab74f22113fccc23
61be7b32ff2c0b575ee3c20c,2021-12-19T12:23:06.768Z,61bf1f6b58100ad42d5171f4,61bc6f20321737c73c065f83
61bf02d5892689847305f909,2021-12-19T16:01:44.120Z,61bf55a17da3d60fd86f72bc,61bf2392d07fabdb910d19bd
61bfb73f76f10c37e68bc75d,2021-12-19T16:47:27.094Z,61bf5eef87f177173d9ca6f4,619f674e906e8cc70c11243b
61bf68d1ba4d0e952a83e883,2021-12-19T17:16:02.612Z,61bf66b1ef06ab1ed5614ffd,61bf3c3373ca36f1e350e098
61bf7eada6af502230218b74,2021-12-19T18:49:18.831Z,61bf7b512225ee35b28bb64a,61bf3c3373ca36f1e350e098
61bf8175c4ab0f01aaaddbc1,2021-12-19T19:01:10.807Z,6165ecceb9b055c4e392a715,6165f048b9b055c4e392abbb
61bf9ad1a000b5235b4bc947,2021-12-19T20:49:25.063Z,615b580e2bc460a5c073dbdd,61bd8b00d811d482f8628302
61bf806cc14482618d439e20,2021-12-20T00:57:57.779Z,61bfd21e662c891d5995dbc2,61bf199665ff57cca7e9b038
61bff3f5c474784d730f4fce,2021-12-20T03:09:40.873Z,60ca943e6c337f51c282d38f,61bf1a6465ff57cca7e9b436
61bff495c474784d730f4fd1,2021-12-20T03:12:20.761Z,60ca943e6c337f51c282d38f,61bdb3852d7cedb07b3549ec
61bfe264f3116588f29e959f,2021-12-20T07:58:07.966Z,61c0357c66ba418e90f3cb1c,61bf1a6465ff57cca7e9b436
61bfe48941b47a492eedf100,2021-12-20T08:27:59.136Z,617420580c9e723c3ec0f8de,61bf2392d07fabdb910d19bd
61c04038f0d55e3ae727219f,2021-12-20T08:35:03.146Z,5fdef24b708b20321ace520f,61c02107c18db57488c3ba67
61c043b84948e2c10f49387b,2021-12-20T08:50:01.289Z,612a94784fbb634219d453c3,61bf199665ff57cca7e9b038
61c05b9023d8c5c0ea0885f1,2021-12-20T10:31:47.009Z,61be205563cb4b214b7a919c,61b7581950e007f3bc1cdaf4
61c0659b184b51da59a81c12,2021-12-20T11:14:36.721Z,61c06544cdd85ac3e3a0ad06,61bf1a6465ff57cca7e9b436
61c066ce184b51da59a81c17,2021-12-20T11:19:47.085Z,61c06544cdd85ac3e3a0ad06,619d1dead754ad1dce1274ad
61c066d2184b51da59a81c18,2021-12-20T11:19:50.471Z,61c06544cdd85ac3e3a0ad06,619d1dead754ad1dce1274ad
61c068740888f838f6b66a09,2021-12-20T11:26:46.043Z,61c067a20e7bfec932a23f65,61bf3c3373ca36f1e350e098
61c0700347083d2a51b42996,2021-12-20T11:59:02.353Z,61c06f0262da38d082f2ed48,61bf1a6465ff57cca7e9b436
61c07020533856969fa13317,2021-12-20T11:59:30.291Z,61c06544cdd85ac3e3a0ad06,61979bf2f0fe8828412ecfb5
61c08092fd7d613035f976d5,2021-12-20T13:09:40.421Z,6095719bab443fc9117d4d3e,61bee982b6efc9983e955205
61c0819fd1a864980ca7a8e2,2021-12-20T13:14:09.964Z,61c0809735d61ddf69d9cbc2,61922d5335dda45cb78d224b
61c0b8b63cd5908bc33c23f3,2021-12-20T17:09:11.231Z,61c0b4ee77c4f91c2738c7a6,61bf3c3373ca36f1e350e098
61c0b9293cd5908bc33c23f4,2021-12-20T17:11:06.927Z,61c0b4ee77c4f91c2738c7a6,61bf1a6465ff57cca7e9b436
61c0cdb6c8391753c43151fe,2021-12-20T18:38:47.449Z,61bf774e2225ee35b28ba7ce,61960788f0fe8828412d5d30
61c0df6f3ce0d006f4aa50e6,2021-12-20T19:54:42.920Z,61c0dbc85b130641e6b18372,61bd9bf88673ec923da06bd6
61c147bfd3e8c5353b72b02a,2021-12-21T03:19:28.898Z,5fc6865df1f903003f56d72b,618b7e2cb9fba8a46f7b13f4
61c1768d79d9f99f32fc00b9,2021-12-21T06:39:11.539Z,61ba5171861aa05ca4fc7183,61979bf2f0fe8828412ecfb5
61c1859fcb90e3961981ecb1,2021-12-21T07:44:59.730Z,61b71941df6ca8aec8eacade,61c0b151f368a614bd1bd274
61c18dc6b171e1176029584c,2021-12-21T08:17:36.535Z,61c18ca043057997c7452a6c,61c14b56290df2540d27bde0
61c1b6b025dafe297a167f6b,2021-12-21T11:14:48.912Z,61c08d2de87abeeeb360410a,618950d8b9fba8a46f77660b
61c1f84241c77139d1e83aa7,2021-12-21T15:52:35.238Z,61c16a87555f3479af076044,619f4769ab23e1a6c1ab7516
61c295a614f4ef9d63ff9e80,2021-12-22T03:04:07.046Z,60b657a2f9c1a5beba108171,61c169a1555f3479af0758a5
61c19ad064c5aa0d7eb7851c,2021-12-22T03:16:11.500Z,6173b5010c9e723c3ebbda6b,61c14b56290df2540d27bde0
61c2b0a2db3249cb9e3c4384,2021-12-22T04:59:17.468Z,61be205563cb4b214b7a919c,61bf6abebaed18263e947f65
61c31e2d89a136e6f002d018,2021-12-22T12:46:38.456Z,61c06544cdd85ac3e3a0ad06,61c226beaa275e3edc416457
61c33153518ca14e91e520eb,2021-12-22T14:08:20.638Z,619ebb68ee3bf204dcbf42b9,61c226beaa275e3edc416457
61c340dfb6101783a993ed30,2021-12-22T15:14:40.929Z,60bde002e7ab48addd0e82b9,61c195617e308ba72020e27b
61c391be62b5f9f48968d8d1,2021-12-22T20:59:44.555Z,6161c70ae39b33b0fc8788f5,61c1cd86ad2e2fe42ffba84d
61c4145504b682a5de4716d6,2021-12-23T06:16:56.318Z,5fe9ec0080136ae0ef89fed7,61c2bfa3745eaa76cedd6140
61c424c5e7e1c50c6ae02756,2021-12-23T07:27:02.999Z,5fbc46b381762e2c8d3cff81,61c2bfa3745eaa76cedd6140
61c43b0c725af39f79d9f984,2021-12-23T09:02:05.909Z,61ba29fbe18c3c2f4b00bf71,61c2cbce22169c85f4a20020
61c4710da08b2822d5ffc53d,2021-12-23T12:52:34.757Z,61ba5171861aa05ca4fc7183,61bfc4594f338a0e938af62b
61c4bb3152afe90e2276c0ce,2021-12-23T18:08:51.180Z,619faed9630c7d15006dd3af,61c462bedbdd1a72f0d7ee90
61c4fd7e3add36e5b202f78d,2021-12-23T22:51:45.905Z,5d7cbfcfd38384002496cc0b,61c2d1a122169c85f4a20d58
61c547ead4a6040f9a7ac012,2021-12-24T04:09:16.517Z,60ec2996eb544b285fd8752e,6151b6e23d891270386964d3
61c55edce060930675e8652f,2021-12-24T05:45:23.977Z,60a7ddd2bde66f13ade37f75,61bd9bf88673ec923da06bd6
61c5a748468cf62be9bc59c7,2021-12-24T10:56:09.744Z,614976f7a90c1c8efdd9896a,6185247c887afd4b447d6cd9
61c5d2d04858f50f2a2b6170,2021-12-24T14:01:52.514Z,61bb61f1990a34865dc577ed,60a89363bde66f13ade38fee
61c5f04750fb040982d0a235,2021-12-24T16:07:35.474Z,6101a33d2e9cf52dd0ba6f12,61c5cea2b303f0fb1f8b3c0a
61c5f95a785b38634b72fe41,2021-12-24T16:46:20.097Z,617024810d67f630e59f0936,61c5f7b5c5f1068214f2896c
61c6b53b5639c4634dcbafd7,2021-12-25T06:07:56.404Z,5fbb9998053042266ea2a887,61c5bad7f69415a9edf5e17e
61c6b5fc5639c4634dcbafd8,2021-12-25T06:11:09.032Z,5fbb9998053042266ea2a887,5fc60bad878c9ac22a8bea5c
61c6b9e045b438297d295b7b,2021-12-25T06:28:12.311Z,5fa591ca5bdeffcedbd41443,5fc60bad878c9ac22a8bea5c
61c70e65df012549e4fd3f25,2021-12-25T12:28:22.485Z,61bb348f15ea61586402361a,61c3490d9b3341094173c72b
61c7d3992f24a6aa964b8813,2021-12-26T08:26:48.241Z,5fafb365704ecc7d643122c3,61c71fd47d7e65e63a03236b
61d023367b778163c3100f30,2021-12-26T09:46:26.088Z,61c1eb6c8c503d0298608d04,61c6b76f616a0e7629801302
61c848144bd7cf4911c685af,2021-12-26T10:46:46.065Z,5fbb9998053042266ea2a887,61c0939a223f5ef659244510
61c861084540cd18cdb169fa,2021-12-26T12:33:14.163Z,6176998f3acd08180974d52e,61c71fd47d7e65e63a03236b
61c88b765490c6d9566ddd5f,2021-12-26T15:34:17.093Z,5fcf6ddc9cf1fdb7daf59fba,61c6eec58479803889a462ae
61c97f4fb23517f399ee4cb9,2021-12-27T08:54:40.086Z,61bef0327131369fb546e546,619e296d249e60c8d58ac0f6
61cb11e4dcf0c9bf4282d60b,2021-12-28T13:32:21.722Z,610193332e9cf52dd0ba2911,61c86f9c4cb5eace0ae62d3e
61cb2dad111fbdb9cd406e82,2021-12-28T15:30:56.866Z,617024810d67f630e59f0936,61ca033c4ccfb5d876790595
61cb2e1fa9adf85e8972981d,2021-12-28T15:32:49.252Z,61bd7287cc63d56408fb023f,61ca033c4ccfb5d876790595
61cbde254390a4d4d028c42b,2021-12-29T04:03:51.052Z,61be5fe7d8a70f04d42f1840,61c6f1688479803889a46f53
61cbba516111c1a61a8bc134,2021-12-29T07:31:09.264Z,6196169ff0fe8828412d90f0,61c6eec58479803889a462ae
61cc459be512b02bd029c658,2021-12-29T11:25:49.173Z,60ee758cef0ce94a07b689cd,61cb18ba75daf0ef8076f634
61cc6f501b38fb2b4ea474b2,2021-12-29T14:23:14.710Z,60c4d7fbf1be8caa96ed60c5,61c196097e308ba72020e2c1
61cc786c8616a4274ea97515,2021-12-29T15:02:05.806Z,617a4aefc4861604782dbbc7,619b48f6f0fe88284132be86
61cca94a5a5caeb34738a09e,2021-12-29T18:30:36.360Z,5ef46b2912685800355be9ce,603a6f5b40ebb33259d42d8c
61cd71b78a100bc923fb3572,2021-12-30T08:45:44.621Z,61cd66ef45a9a8c76e9bb0de,61c8ae08ae10beaa37043100
61cd74531f228c5dc1b29962,2021-12-30T08:56:54.666Z,612cdeda4fbb634219d84ddf,615ff33969c88abac1c0435a
61cd746b1f228c5dc1b29963,2021-12-30T08:57:16.318Z,612cdeda4fbb634219d84ddf,615ff33969c88abac1c0435a
61cdc99ab176f02d655c5e95,2021-12-30T15:03:24.508Z,61730eae88ae1b13274c697b,61c2a8cc12b6de60d6740a3f
61cdd7523173f62f0cab1fc8,2021-12-30T15:59:25.158Z,61be3b4eeefe2d3efc88f6d2,6194355c11251a86530a503f
61cdd7ae3173f62f0cab1fc9,2021-12-30T16:01:06.035Z,61be3b4eeefe2d3efc88f6d2,6194355c11251a86530a503f
61cd879ab7adc0b07ace94a1,2021-12-30T16:18:39.139Z,615b562d2bc460a5c0726452,61963d1bf0fe8828412dbc63
61ce879f79804f20bfde4bfa,2021-12-31T10:32:34.743Z,5fb7850c31f13d057df10cbe,61cc05c4049a7db5262fe926
61cee24639144606f1e3748a,2021-12-31T10:58:47.813Z,61be3b4eeefe2d3efc88f6d2,6060caa3a646776285261d8f
61cf0d10376b403219d032c7,2021-12-31T14:00:49.697Z,61cc9660e450b6d3fe5f42c9,61c784ea3341fe3d1b3f7e05
61cfe9409ed7bbc619b8ae78,2022-01-01T05:40:16.216Z,618bffb5b9fba8a46f7c7001,6179f375c4861604782cd701
61d0a2b271eaaae7bcd7f915,2022-01-01T18:51:31.518Z,612feec02d338beb5b7e62eb,61c6eec58479803889a462ae
61d0a6f021341ea4326aaacc,2022-01-01T19:14:34.492Z,61c3056dbd102fc360d388f3,61bf8b9fcd7768449a086f3a
61d15e66ed22c587b9ba8d98,2022-01-02T08:12:30.732Z,61bed433abae6e81b09f3d06,61bfc4594f338a0e938af62f
61d175b799ecab65e557e336,2022-01-02T09:52:00.313Z,5fbeb8b2d75cf2430356845c,61a32da18a2b8489baa30a77
61d2064a0cb5d20ec4344a69,2022-01-02T20:08:43.896Z,610193332e9cf52dd0ba2911,61d1aa757bfe83c7b9a69293
61d235913879fe44a0f44533,2022-01-02T23:30:26.241Z,61d233ff1f02e61f450ac85c,61922d5335dda45cb78d224b
61d2979bd1348995e2fa5df7,2022-01-03T06:28:52.020Z,61bed433abae6e81b09f3d06,61c83be639b08e22cbf22c2e
61d297cbd1348995e2fa5df8,2022-01-03T06:29:39.660Z,61bed433abae6e81b09f3d06,61c3490d9b3341094173c72b
61d3158490b3cfe6b3b8ed0f,2022-01-03T15:26:05.034Z,61bed433abae6e81b09f3d06,61acb01f408657d7394592a7
61d3e3bd1be6b5391bf44179,2022-01-04T06:05:50.746Z,5ff713767a9968230285035c,619f545ae8d671ae47755367
61d3ed58e921a33b07d3802b,2022-01-04T06:46:51.085Z,6137aa0620ae6c82dbee2e06,61d3b60b60afecc3b273bc67
61d3efbb098d06be52574e45,2022-01-04T06:57:00.908Z,60a949e5bde66f13ade3a984,61d3b60b60afecc3b273bc67
61d3ff02b24a762d2fb8d93e,2022-01-04T08:02:18.984Z,61bed433abae6e81b09f3d06,61d35711d2dbb2e681fff26d
61d3ff3fb24a762d2fb8d940,2022-01-04T08:03:19.720Z,61bed433abae6e81b09f3d06,61d35711d2dbb2e681fff26d
61d41ee23b051e0554e244b1,2022-01-04T10:18:18.872Z,61bed433abae6e81b09f3d06,61a0836e288fc5802b8d9143
61d42f064302759c980b6aa9,2022-01-04T11:27:03.118Z,5ef87ef006b87800354f1f89,61d3578c8cd210fdefeabff1
61d4825511e02698924a2cd4,2022-01-04T17:22:31.994Z,6137aa0620ae6c82dbee2e06,61d3b60b60afecc3b273bc67
61d534304e879ab615d4ff4c,2022-01-05T06:01:22.030Z,5fbb9998053042266ea2a887,61d30fb944e3d2fabca58ded
61d5555d94a17347c47b506a,2022-01-05T08:23:27.282Z,5cfbc8f0b01bb40024e5872f,61d3578c8cd210fdefeabff1
61d5ab8ef014ab49a13bd9bd,2022-01-05T14:31:33.809Z,61212aa69812f96d4724b533,61d35711d2dbb2e681fff26d
61d5b6d4163c843382fa3a3b,2022-01-05T15:18:47.825Z,5fb050e862bb988d3f91933a,61d294029e5d2a6b40d4cfdf
61d5ba1373643a0dd6990017,2022-01-05T15:32:38.997Z,5fb050e862bb988d3f91933a,61d2a025c9cc819a332a88cd
61d6ab117f1c033ecc47f865,2022-01-06T08:40:50.904Z,6116d699038fac93897ae8ad,61d5885a5ad71f73d0ea4922
61d6c396e545dda7231336db,2022-01-06T10:25:29.078Z,619fa9fea80cda0d9ce1e663,619fb0f3630c7d15006ddea9
61d6c39ce545dda7231336dc,2022-01-06T10:25:34.930Z,619fa9fea80cda0d9ce1e663,619fb0f3630c7d15006ddea9
61d6f604c96e2f5d488f7499,2022-01-06T14:00:36.892Z,61bd777e797e1a6c64da9783,61d5579d9918dccce240db4f
61d6f72b323221d5730040c6,2022-01-06T14:05:35.352Z,6018362ebedb0426423a372d,61cfcb822e203fda422790c5
61d6fa2b34d8de53e4d31d48,2022-01-06T14:19:55.164Z,619f4c01ab23e1a6c1ab9567,61d5885a5ad71f73d0ea4922
61d7d045a695ff2b7709d662,2022-01-07T05:31:58.044Z,61bed433abae6e81b09f3d06,61d74d5ae51dae854ffdc396
61d7e546b4ebeef536936148,2022-01-07T07:01:26.235Z,5fcfa8f59cf1fdb7daf5a1f1,61b5e359f0588ad3786fed61
61d7f330ed6df070bb2a94c0,2022-01-07T07:59:10.325Z,615c1d7c79e09bcc05ce0b09,61d6a0c7fa7f81971c8e0a4c
61d7f3a823d7a8295b4baa8f,2022-01-07T08:03:44.047Z,61212aa69812f96d4724b533,61d74d5ae51dae854ffdc396
61d8d7f667487ae213cec209,2022-01-08T00:16:56.444Z,61d8d54a3b38990523a16e29,61d17d0e8623a63c04dfa055
61d8d8cf67487ae213cec20a,2022-01-08T00:20:32.843Z,61d8d54a3b38990523a16e29,618fbb25b9fba8a46f80ae3b
61d91c9555d129c7caecf034,2022-01-08T05:09:42.495Z,5d0b4afe0193e300249cfba1,61d87ab680d37004ff821012
61d91e0155d129c7caecf035,2022-01-08T05:15:51.675Z,5d0b4afe0193e300249cfba1,61c5fd89b79cdc9c52480be9
61d91fda8eed538481378340,2022-01-08T05:25:46.612Z,61c08d2de87abeeeb360410a,61d9200a3b38990523a17b94
61da59dec773201ab60d19af,2022-01-09T03:43:26.991Z,60a949e5bde66f13ade3a984,61c9fa94561c8ca7c93329b2
61da7c44a6dcf0fa5291bd98,2022-01-09T06:10:21.761Z,61bed433abae6e81b09f3d06,619a2e85f0fe88284131828f
61dafcd3fb3f7db50bd25125,2022-01-09T15:18:45.009Z,619a491ef0fe882841319b96,61d9a8373b38990523a1f548
61dafd1b04b13eee038ee6c3,2022-01-09T15:19:56.871Z,5fbe1b68d75cf243035668ab,61d5e415d9ab7dacacf5603a
61db0471182bce529b550f2b,2022-01-09T15:52:45.750Z,5fe219a6fc16c2881e4af5c7,61d87ab680d37004ff821012
61dae6ddd248fb751b85064c,2022-01-09T19:46:11.967Z,5fc1058658e90f92557474b0,61a2699076c2382f03eaefaa
61db96c43ea3b2022d710ced,2022-01-10T02:15:33.596Z,5fbe1b68d75cf243035668ab,61daff0463fb6b05155ede9c
61dba68a15f71df6c1944ce5,2022-01-10T03:22:52.471Z,5fbe1b68d75cf243035668ab,61d5f74e916525f521ce65fa
61dba6f015f71df6c1944ce6,2022-01-10T03:24:35.140Z,5fbe1b68d75cf243035668ab,61be3af7eefe2d3efc88f3ef
61dc7678cb04ffcb47769a6b,2022-01-10T18:10:01.849Z,60fdc248a12de896502258b4,61d8890180d37004ff822484
61de7d4e5a30013c7853e60c,2022-01-12T07:03:50.782Z,61bed433abae6e81b09f3d06,618531d4b9fba8a46f724d99
61debc23a3eeb332a38a255e,2022-01-12T11:35:19.799Z,5fbe449cd75cf24303566fed,61d8890180d37004ff822484
61ded2b19b5adeb8d18c4fe8,2022-01-12T13:08:34.921Z,61ded07c80f755b7041d7b2b,61caefd932c05e5b8cc60a65
61df371a181aa41c928f5e42,2022-01-12T14:17:23.194Z,5fee861c329cf6509ba408fc,61de9913f5d236f76bd8685d
61dee44d991e2e3240193de6,2022-01-12T14:23:10.649Z,601506a9bedb0426423a21ee,60c47b5cf1be8caa96ed3ada
61dee457991e2e3240193de7,2022-01-12T14:23:19.957Z,601506a9bedb0426423a21ee,60c47b5cf1be8caa96ed3ada
61df713728a1158ad90ea185,2022-01-13T00:24:24.881Z,613b6d06ef002d95bb21013f,61df0e70677f187418ae285e
61dfa48af4cf63c08e79b578,2022-01-13T04:03:22.629Z,61dfa3edcf9265da24e3054e,61df0e70677f187418ae285e
61dfa8da84e9b86f9b294fea,2022-01-13T04:21:46.355Z,61dfa3edcf9265da24e3054e,61d6a21dfa7f81971c8e0d0c
61dfa92384e9b86f9b294feb,2022-01-13T04:23:00.170Z,61dfa3edcf9265da24e3054e,61754f5a0c9e723c3ec84e76
61e14085d2af7b1d78cb05b0,2022-01-14T09:21:19.388Z,61bed433abae6e81b09f3d06,61e0f7e376196b2402beb1a1
61e149652fa726c89cae303e,2022-01-14T09:59:03.898Z,60a949e5bde66f13ade3a984,61e0a6971b5e210523841744
61e14ca1a82f2ca337b40106,2022-01-14T10:12:50.137Z,5f85bac1734c4c0035d76191,61e10840e18b326ae8159b1e
61e15c4dab70b0a0a0b7ac1c,2022-01-14T11:19:35.262Z,616fbe1c0d67f630e59b5bad,61dea3786dc5770f33eee922
61e1894f26c26992244cf5ef,2022-01-14T14:31:45.903Z,5f82f3220727f00035123937,61e165c4506e2b1fdb254644
61e1bab9917c6c6afe34b8f6,2022-01-14T18:02:06.966Z,61e18c5c4f1f06a4dacd33f2,61ae0b6f48f80ee2bcc3cc84
61e1c9432b4f310c6a882471,2022-01-14T19:05:33.947Z,61212aa69812f96d4724b533,61e0f7e376196b2402beb1a1
61e1cab22b4f310c6a882472,2022-01-14T19:11:38.298Z,61212aa69812f96d4724b533,61ddefa115053f27e7647fc6
61e1e2c96a4d4ad4ef8269a5,2022-01-14T20:53:33.697Z,61e160426f3ece051cf88afe,61e165c4506e2b1fdb254644
61e24f415927d0520a1cd605,2022-01-15T04:36:19.177Z,601506a9bedb0426423a21ee,61e10840e18b326ae8159b1e
61e2714c98ea76da27b58a90,2022-01-15T07:01:35.581Z,61bd9e73a3824199d356ab73,61bc19518d21186bba8979ac
61e2762484f1232a8ec33612,2022-01-15T07:22:12.924Z,60e5d3c7af535270cc0db39a,61e165c4506e2b1fdb254644
61e27fbb4dfb8b5287b2e098,2022-01-15T08:03:09.180Z,61e160426f3ece051cf88afe,61e165c4506e2b1fdb254644
61e283aa8c6fc9ba743b740c,2022-01-15T08:19:56.408Z,5d0b4afe0193e300249cfba1,61e1a0470e774deb47525bf8
61e295f46cc3b1c972963b1d,2022-01-15T09:37:58.333Z,619d3df73c9bbb449fccbffa,619d3ee43c9bbb449fccc6d0
61e2448c3b4ee3aed67140a9,2022-01-15T09:50:03.135Z,61b7662f4113750433a97a98,61e10df8d9436682992cd99e
61e24a060a617cd8b83d4809,2022-01-15T10:14:53.958Z,5fc1058658e90f92557474b0,61e271f8cbcde1979fb4bab9
61de242cbe2425d75c90f4b7,2022-01-15T20:11:39.484Z,617420580c9e723c3ec0f8de,618b7e2cb9fba8a46f7b13f4
61e32b1360be878ef9d0e5ea,2022-01-15T20:14:13.595Z,61bd3b48c3d7f42caa8241fe,61be3af7eefe2d3efc88f3ef
61e32b2e60be878ef9d0e5eb,2022-01-15T20:14:40.896Z,61bd3b48c3d7f42caa8241fe,61d5f74e916525f521ce65fa
61e3558d0dc55c8e98da42ae,2022-01-16T05:15:51.412Z,5fce48789cf1fdb7daf59053,61373a4720ae6c82dbec471f
61e3dc11089c9998ebaa093b,2022-01-16T08:49:22.518Z,5dbf2fc6d76f5c00241d83bc,61de52f5c4e84a0ccec0db82
61e3ef1f87c8d82a9a4f146e,2022-01-16T10:10:41.018Z,6161c70ae39b33b0fc8788f5,618b7e2cb9fba8a46f7b13f4
61e426a9653aad93c2bd1b50,2022-01-16T14:07:48.073Z,61bed433abae6e81b09f3d06,61d71dec92c7ee3f7d238f45
61e4349e710076cddeaf39f0,2022-01-16T15:04:44.451Z,61ba94cc0b9093a29085cd45,61e10840e18b326ae8159b1e
61e4397ce3debeab6addff4d,2022-01-16T15:27:58.162Z,5fe9ec0080136ae0ef89fed7,61de9913f5d236f76bd8685d
61e51946ea323b75e4aa5871,2022-01-17T07:22:47.138Z,60b40900f9c1a5beba10324a,61860c08b9fba8a46f736069
61e51b8ef49791f21759c398,2022-01-17T07:32:41.802Z,61bed433abae6e81b09f3d06,61e48541cd69fd16802fe890
61e53e61261748fed68ac630,2022-01-17T10:01:10.801Z,619e6da99e7b49202b8779ea,616eee480d67f630e5940255
61e54e577de5d256d5452216,2022-01-17T11:09:11.431Z,61e475c4c60e6ae674509357,61e40d765f577784adf54612
61e567492c5b8c500a2e179c,2022-01-17T12:55:39.498Z,61be205563cb4b214b7a919c,61e435af512d37f9cfcb0c5f
61e57fd28195018a48b994f2,2022-01-17T14:40:19.079Z,60cda19f6c337f51c2838238,61e435af512d37f9cfcb0c5f
61e58a49b9ed5818033e24ca,2022-01-17T15:24:58.587Z,61bef0327131369fb546e546,61e11734ffb4a39e1360a1bf
61e5a8dff083ed0e5c6fb133,2022-01-17T17:35:30.252Z,61924f5711251a86530850cb,61e021ca10385f8225609a04
61e5cb310c3886a8f65df798,2022-01-17T20:01:54.621Z,5fbb90b2053042266ea2a67c,61a23ee9e9f6ee028ff148a2
61e5cb4c0c3886a8f65df799,2022-01-17T20:02:21.701Z,5fbb90b2053042266ea2a67c,617c16e7e5e022079baeb0ea
61e5cb5d0c3886a8f65df79a,2022-01-17T20:02:38.642Z,5fbb90b2053042266ea2a67c,617999d1c4861604782be923
61e652163aa1bbad8eb04e40,2022-01-18T05:41:01.282Z,5fbe449cd75cf24303566fed,61bcc75d34fe1e241023deac
61e6f9eb547305152870c15b,2022-01-18T17:33:32.378Z,5d0b4afe0193e300249cfba1,61c02594e131b37bf63fe09a
61e7024ebcc7eb2fb06ae728,2022-01-18T18:09:18.952Z,5d0b4afe0193e300249cfba1,61d00d2a8b4b0dc77d677bbd
61e80f260284ff552a9958d5,2022-01-19T13:16:21.635Z,60e978f4a6c34c0455be32fb,61e5cb5f7484ebbbf3b87327
61e8409d7275a9fa626a5ba3,2022-01-19T16:47:34.740Z,61bed433abae6e81b09f3d06,61e71a859a5996e3b6c57c12
61e876887c956ff0f43c7304,2022-01-19T20:37:31.018Z,61924f5711251a86530850cb,61e8350b5ab7ef2f00ca9368
61e92f59a4fc1420797c2a51,2022-01-20T09:46:11.152Z,61bed433abae6e81b09f3d06,61e8e7ddb5760626338eae52
61e9537198758465a9862e14,2022-01-20T12:20:04.707Z,5fbf23fcd75cf243035688f0,61e91e2510ce6de2659d520b
61ea82a0701f063a7eaf99c7,2022-01-21T09:53:39.232Z,60c6ea7e4b5ae10868f7b3e5,61e0a6971b5e210523841744
61eaa1b0370deae63e4b57ef,2022-01-21T12:06:11.233Z,61eaa0d42735f522437ef5a2,61ea4995a78da2051ee45b1b
61eaa2d3370deae63e4b57f0,2022-01-21T12:11:02.057Z,61eaa0d42735f522437ef5a2,61e9c44b3786b6a8e0f36539
61ebc168f2cb161f6cdadf43,2022-01-22T08:31:14.629Z,61a24dc6c6d5a311a676e008,61bd71d6cc63d56408fb01ff
61ebc183f2cb161f6cdadf44,2022-01-22T08:31:42.493Z,61a24dc6c6d5a311a676e008,61cf0f79b48317d8b18f91bd
61ec07542e7837d35f38f257,2022-01-22T13:32:14.309Z,61bed433abae6e81b09f3d06,61eb9dff92bb88053332b110
61ec3cdad9b7214b5750758c,2022-01-22T17:20:27.467Z,617024810d67f630e59f0936,61bd71d6cc63d56408fb01ff
61ec471b5ae9273238041fbb,2022-01-22T18:02:12.824Z,61a24dc6c6d5a311a676e008,61bd71d6cc63d56408fb01ff
61ec5529b7656c3e2fbd6b23,2022-01-22T19:04:10.826Z,5fc21f90dc6c14ab0ca0b70d,61bcc75d34fe1e241023deac
61ec6331490954bc226ebbe3,2022-01-22T20:04:33.863Z,60ee758cef0ce94a07b689cd,61e990a626f5a161e33af9dc
61ec12fa64003a0210b6545a,2022-01-22T20:22:15.964Z,5fce48789cf1fdb7daf59053,60c4c291f1be8caa96ed59a0
61ed57512444897936440c80,2022-01-23T13:25:39.227Z,5d0b4afe0193e300249cfba1,61ed35516cc749c4dbe21185
61ed64e02f7a7bdf78b280f6,2022-01-23T14:23:31.307Z,61924f5711251a86530850cb,61eb9a3892bb88053332afd1
61ede0043209489785cac15d,2022-01-24T05:09:59.047Z,5fb7850c31f13d057df10cbe,61eb9a3892bb88053332afd1
61ee4561c6712e69efaa2bd8,2022-01-24T06:21:22.593Z,60c677c9f1be8caa96eded16,61ebc0a392bb88053332c4b6
61ef07e17b9c1e7d8d37254b,2022-01-24T20:11:14.660Z,60c677c9f1be8caa96eded16,616af360ab74f221130098f7
61ef07f07b9c1e7d8d37254c,2022-01-24T20:11:29.679Z,60c677c9f1be8caa96eded16,616af03fab74f22113004e49
61ef08247b9c1e7d8d37254d,2022-01-24T20:12:21.831Z,60c677c9f1be8caa96eded16,61bc6f20321737c73c065f83
61f1175b870d4dc82d14bd79,2022-01-26T09:41:49.781Z,61f116423dc6ced6d4cce550,61e862225fb169bf2f07ccb4
61f1177d870d4dc82d14bd7a,2022-01-26T09:42:35.582Z,61f116423dc6ced6d4cce550,61e8350b5ab7ef2f00ca9368
61f1178e870d4dc82d14bd7b,2022-01-26T09:42:40.105Z,61f116423dc6ced6d4cce550,61e8062c9558c58847bd83cf
61f117ad870d4dc82d14bd7c,2022-01-26T09:43:16.006Z,61f116423dc6ced6d4cce550,61e8062c9558c58847bd83cf
61f169495ca69f9be7c36e8e,2022-01-26T15:30:35.886Z,61e18c5c4f1f06a4dacd33f2,61977c09f0fe8828412e8cef
61f17d7c322ec9f50b6ef304,2022-01-26T16:57:41.084Z,60a75401bde66f13ade37585,61f019c7b44ca66f344cf794
61f202944da3498869929702,2022-01-27T02:25:26.013Z,60c677c9f1be8caa96eded16,61f1a11f10c3ce804ea42ff0
61f202c3ee4950407dd71deb,2022-01-27T02:26:12.574Z,60c677c9f1be8caa96eded16,61eedc9d4b657690858cbae0
61f2030a6ed2927c2fc49cd0,2022-01-27T02:27:23.784Z,60c677c9f1be8caa96eded16,61edf2ccad3ee60527358d2c
61f203203ff0e02cc7af311d,2022-01-27T02:27:46.321Z,60c677c9f1be8caa96eded16,61eccd57896ee705263fca7d
61f21623917ac2479b7c2b6f,2022-01-27T03:48:52.931Z,5ef87ef006b87800354f1f89,61eccd57896ee705263fca7d
61f2290aa92d40ae14626b03,2022-01-27T05:10:15.522Z,612a93994fbb634219d43df7,61f019c7b44ca66f344cf794
61f2b5e637a516154a5b565e,2022-01-27T15:11:27.383Z,61212aa69812f96d4724b533,61edf2ccad3ee60527358d2c
61f280294cd5053191a39523,2022-01-27T17:21:00.503Z,61c0357c66ba418e90f3cb1c,61ea8ce62735f522437ee6c8
61f42f8726621e4f1ca52996,2022-01-28T18:02:49.513Z,5fca71f2331bc76201624ca5,61f3b4c82bd3982a9b8fb9f2
61f43acae03fcc4168c8e10f,2022-01-28T18:49:46.639Z,5faffd45704ecc7d64312f7f,61f3b4c82bd3982a9b8fb9f2
61f52474d01d91b6ad01636d,2022-01-29T11:26:53.389Z,5d0b4afe0193e300249cfba1,61ed66a66cc749c4dbe2ba05
61f54cfcb7664aaeb85bec11,2022-01-29T14:19:44.062Z,600ef618bedb04264239fd96,61ed66a66cc749c4dbe2ba05
61f6151ba206c1a4021d0e72,2022-01-30T04:33:30.954Z,61f61445c6f516ca82404fd8,61e7d1b9b28ca5e110fd6f0c
61f67dd02730ca7fb13cecac,2022-01-30T11:56:32.808Z,619a03a2f0fe882841313ff5,61f41f4f40fe80796a0f604d
61f685a43e80bb36face54aa,2022-01-30T12:33:39.875Z,5fc1279c58e90f92557479c7,61f3f81141489df3d3984475
61f6aef83648a1dd78598e4a,2022-01-30T15:30:03.549Z,615c0ed1204a3b04c87c2599,61ec28b44c48724909c7e0b4
61f6b0903648a1dd78598e4b,2022-01-30T15:36:53.186Z,615c0ed1204a3b04c87c2599,61e8062c9558c58847bd83cf
61f6ed00ab60d592a397b4c9,2022-01-30T19:54:43.181Z,613de6ea5b575f3c184e06c5,61f41f4f40fe80796a0f604d
61f79771723eb3b610feb0e9,2022-01-31T08:04:45.189Z,61f797903cb3139b77d6ac12,61f78059a7a9ec587d6b3f13
61f79754723eb3b610feb0e8,2022-01-31T08:04:47.294Z,61f797903cb3139b77d6ac12,61f7873d510a726ed34df7cb
61f7b1f18b16c18053dc3d1d,2022-01-31T09:55:28.224Z,60d459c8a844358110110407,61f54f5f5468e442bc791366
61f7b4dfe743a34c9dafe914,2022-01-31T10:07:28.978Z,5fb62c067c5944e225adfbce,61f54f5f5468e442bc791366
61f7ec67b773c1122a8b8a38,2022-01-31T14:04:24.785Z,612cdeda4fbb634219d84ddf,61f019c7b44ca66f344cf794
61f831e559c0b9c94f0966ea,2022-01-31T19:00:54.404Z,5cc875aaa130ee002484131b,61f6c12197c895f9f4e8034f
61f83235a84fb5abbeb0242c,2022-01-31T19:02:14.721Z,60d8bca4fdbf436f466171b8,61f6c12197c895f9f4e8034f
61f99aea36afde73d872eef8,2022-02-01T20:41:15.056Z,60c677c9f1be8caa96eded16,61f94d8def33a70081fd2f82
61fa59bcfb3984292d8ff57f,2022-02-02T10:15:26.863Z,61fa49698ca3402569a9b9b6,61f561329d8a4686fe441d5d
61faa73f408639b386cf8e4b,2022-02-02T15:46:08.595Z,5fc1279c58e90f92557479c7,61dd19060a95280519a478c2
61faf975446d737c68f9dbe5,2022-02-02T21:36:54.755Z,5d91e447f9336a0024871254,61f94d8def33a70081fd2f82
61fbc170ae2f14e62c8e8005,2022-02-03T11:50:12.652Z,60fc6fffa12de8965021d434,61ae0b6f48f80ee2bcc3cc84
61fbd134fac41f09f8aea123,2022-02-03T12:57:27.145Z,61fbcffa6b782b1236f2ea29,61f963f2286d7e59d3ea1184
61fbd92165f3fc1aca1abdf7,2022-02-03T13:31:15.846Z,600ef618bedb04264239fd96,61e7d1b9b28ca5e110fd6f0c
61fc0d1fccf3964e2ec699d6,2022-02-03T17:13:05.072Z,5ef87ef006b87800354f1f89,61fbdc540e1f7830be0eadcd
61fd506fd86444051fc840ac,2022-02-04T16:12:33.143Z,60c08f6af1be8caa96ecc75c,61fbb088e05a8c9f78b36f27
61fd67d8b21a64046de20242,2022-02-04T17:52:26.467Z,61d2dc1cf4ab9856400208fd,61d3578c8cd210fdefeabff1
61fe56eff2c4c374d0d3899a,2022-02-05T10:52:32.407Z,61fe546b2f003010bbb6d8df,61aee95bd64a70607ce547d9
61fe570df2c4c374d0d3899b,2022-02-05T10:53:02.366Z,61fe546b2f003010bbb6d8df,61a2699076c2382f03eaefaa
61fe73f8c1bb3055ae6f9d88,2022-02-05T13:00:13.395Z,5fbe449cd75cf24303566fed,61f41f4f40fe80796a0f604d
61ffef5885099abfb10f3156,2022-02-06T15:55:05.765Z,60c08f6af1be8caa96ecc75c,61ffddeda0816ef48bd91f90
61fff3be53ab08096d73092d,2022-02-06T16:13:52.461Z,60ca3bf66c337f51c282c0ec,61ffddeda0816ef48bd91f90
61ffd6a06cc25b77aa789683,2022-02-06T20:09:11.803Z,617420580c9e723c3ec0f8de,617647143acd0818097186c4
61ffd6b06cc25b77aa789684,2022-02-06T20:09:29.574Z,617420580c9e723c3ec0f8de,617647143acd0818097186c4
6200d93ea664af4204cde6d1,2022-02-07T08:33:03.872Z,60c7858e4b5ae10868f7fa8b,61ffdf66a0816ef48bd920ea
62015545bcfa9bc2f3e7a213,2022-02-07T17:22:15.842Z,5fe9ec0080136ae0ef89fed7,61f561329d8a4686fe441d5d
62017695bf0292a8726c4f86,2022-02-07T19:44:41.710Z,6165ecceb9b055c4e392a715,61ffdf66a0816ef48bd920ea
62019c4d6719eeb8354f5e53,2022-02-07T22:25:19.586Z,60c7858e4b5ae10868f7fa8b,61ffdf66a0816ef48bd920ea
62025ed066c243442a7ac767,2022-02-08T12:15:14.506Z,61fbcffa6b782b1236f2ea29,6195ef7df0fe8828412d36f8
6202c0463b1985fb1408cdce,2022-02-08T19:11:05.538Z,61924f5711251a86530850cb,62028afe5f61cb8e489c5be8
6203b06bce16fe7fc54cbdac,2022-02-09T12:16:36.335Z,61212aa69812f96d4724b533,61373a4720ae6c82dbec471f
6203b082ce16fe7fc54cbdad,2022-02-09T12:16:59.339Z,61212aa69812f96d4724b533,6140ec6d11d1927c26c170f4
6203b0a0ce16fe7fc54cbdae,2022-02-09T12:17:28.903Z,61212aa69812f96d4724b533,618531d4b9fba8a46f724d99
6203b0a5ce16fe7fc54cbdaf,2022-02-09T12:17:34.092Z,61212aa69812f96d4724b533,618531d4b9fba8a46f724d99
6203b0aace16fe7fc54cbdb0,2022-02-09T12:17:39.342Z,61212aa69812f96d4724b533,618531d4b9fba8a46f724d99
6203b0bece16fe7fc54cbdb1,2022-02-09T12:17:58.915Z,61212aa69812f96d4724b533,619a2e85f0fe88284131828f
6203b0f0ce16fe7fc54cbdb2,2022-02-09T12:18:49.062Z,61212aa69812f96d4724b533,61c3490d9b3341094173c72b
6203b0ffce16fe7fc54cbdb3,2022-02-09T12:19:04.321Z,61212aa69812f96d4724b533,61c3490d9b3341094173c72b
62039fa2edc9fd00ecfac285,2022-02-09T17:04:00.726Z,61c0357c66ba418e90f3cb1c,6203b1d9ba29fe48b188661b
6203a027edc9fd00ecfac286,2022-02-09T17:06:13.511Z,61c0357c66ba418e90f3cb1c,61bfc4594f338a0e938af62f
6204a34162d945dc4f55e416,2022-02-10T05:31:47.779Z,61737fbd0c9e723c3eba3412,6203b8319842a25f4867047c
620504057764e4663b077cf8,2022-02-10T12:24:38.878Z,6138ade2121e170d172a47e3,6203b8319842a25f4867047c
620505e74c271050fc44b3d9,2022-02-10T12:32:41.206Z,6138ade2121e170d172a47e3,62042ecbb7a457dd9bfbf933
62050620a32c54efe5b5cf9a,2022-02-10T18:34:10.805Z,5fce48789cf1fdb7daf59053,61373a4720ae6c82dbec471f
6205e70610df4061dc01233e,2022-02-11T04:33:11.491Z,61c21963dc59302f8e780e6a,6121175d9812f96d472496c6
6205376f71acfa3f47c51fa9,2022-02-11T10:05:06.236Z,619d0a1b19e01205cfcb1c13,6204e0877a108723b8359995
620687ac352dedbbbffadd99,2022-02-11T15:58:55.361Z,6117de0f38e74604ecdba9e6,620635bfe1d8e66aab728d0f
6206a46d8eb900e7ffcac5fe,2022-02-11T18:01:18.803Z,6101b1f82e9cf52dd0bad89b,620635bfe1d8e66aab728d0f
6206aebaf4ca35d99b93f406,2022-02-11T18:45:32.229Z,6117de0f38e74604ecdba9e6,620635bfe1d8e66aab728d0f
620742e5058f50fda916cd48,2022-02-12T05:13:24.234Z,619a03a2f0fe882841313ff5,61feb002e8d7b2311735a52f
62074466058f50fda916cd49,2022-02-12T05:19:48.876Z,619a03a2f0fe882841313ff5,61f94c0def33a70081fd2f3f
6207a12b8cff56ccab36c7cd,2022-02-12T11:59:44.587Z,61f116423dc6ced6d4cce550,62078b72239b9be25652fd0e
6207a1468cff56ccab36c7ce,2022-02-12T12:00:07.847Z,61f116423dc6ced6d4cce550,619e296d249e60c8d58ac0f6
6207a1618cff56ccab36c7cf,2022-02-12T12:00:34.280Z,61f116423dc6ced6d4cce550,61922d5335dda45cb78d224b
6207a1888cff56ccab36c7d0,2022-02-12T12:01:12.896Z,61f116423dc6ced6d4cce550,61a933db172818514e9e39a0
6207a2978cff56ccab36c7d1,2022-02-12T12:05:45.177Z,61f116423dc6ced6d4cce550,61f3f81141489df3d3984475
6207a2e7d4f670e2faf307b8,2022-02-12T12:07:04.866Z,61737fbd0c9e723c3eba3410,617a32b9c4861604782d4aef
6207a5f860a56883c3e16f44,2022-02-12T12:20:09.423Z,6205f4157ed94b9eccf72f0d,61a933db172818514e9e39a0
6207ba90a34b569d7b380efc,2022-02-12T13:48:03.902Z,61bd7b0e3e53d973e8c6f3b5,62078d12239b9be25652fdec
6207d176375b8303c2da347b,2022-02-12T15:16:06.758Z,61a23787cf7ff0faedbe73c7,620645ced66596afa3d10fb7
6207d1bf375b8303c2da347c,2022-02-12T15:17:19.897Z,61a23787cf7ff0faedbe73c7,6204e2b87a108723b8359cf1
6207d1e5375b8303c2da347d,2022-02-12T15:17:57.537Z,61a23787cf7ff0faedbe73c7,6203b1d9ba29fe48b188661b
620781551b2ea05263c23f97,2022-02-12T15:43:54.850Z,612f09cc4fbb634219e2c9d6,61feb002e8d7b2311735a52f
6207e1c63482df9f871aa04c,2022-02-12T16:35:52.489Z,60ee758cef0ce94a07b689cd,62078d12239b9be25652fdec
6208062479e782c58b82b05b,2022-02-12T19:10:31.197Z,616e4065bb137ccf44338b29,62066f43aa627e381e1b593f
6208beaa3f3b2b7996b24ade,2022-02-13T08:17:52.258Z,612dec654fbb634219dd1ee2,61825b1cd5d7f74c5b9374af
620b1f1bfd01ef0995bc5125,2022-02-15T03:33:49.023Z,5cfbc8f0b01bb40024e5872f,62066f43aa627e381e1b593f
620bb7ad2a3e6b10f67a6c26,2022-02-15T14:24:48.720Z,601506a9bedb0426423a21ee,620bb79f586455613c1b2cbb
620b77823a5900f572969dc3,2022-02-15T15:52:37.148Z,62065269fb79d7c6862bf121,620a1fbedea552318a1d3d1d
620be5879b2688d36fb253af,2022-02-15T17:40:27.134Z,5ff713767a9968230285035c,61fd7ab4dce38958edd28011
620e4ecd850fd9eb1693f9b2,2022-02-17T13:34:06.728Z,612cdeda4fbb634219d84ddf,61a47d094f909c8624d098d6
620e7fe0fafe496c9daeded5,2022-02-17T17:03:28.780Z,6177e7343acd0818097c369e,620df96a235aa9cbe2596b0e
620f46cf10776ad782316913,2022-02-18T07:12:20.177Z,61726e383cee770d7f4326c9,61a47d094f909c8624d098d6
6210c535f157aa6cacd2fdf6,2022-02-19T10:23:51.111Z,5cc875aaa130ee002484131b,620523e5333747070d7bfa4a
6211dcd5d1419c0f98c48f17,2022-02-20T06:17:51.490Z,61212aa69812f96d4724b533,6203b1d9ba29fe48b188661b
6211dce2d1419c0f98c48f18,2022-02-20T06:18:03.550Z,61212aa69812f96d4724b533,6203b1d9ba29fe48b188661b
6212500986a4b9eaaf4b46b1,2022-02-20T14:28:29.562Z,6136ffae20ae6c82dbeb450c,62124faf31d834c4bcae7ddc
6212502769d1259016299136,2022-02-20T14:28:57.280Z,60d8bca4fdbf436f466171b8,62124faf31d834c4bcae7ddc
6213158181479696a9f969df,2022-02-21T04:34:58.781Z,5fbe449cd75cf24303566fed,621265da5ce07406ea40d90b
62138b6ad4e56b3e5665793a,2022-02-21T12:54:04.007Z,601506a9bedb0426423a21ee,62138b395ce07406ea414514
6215035dc3454c494d8f8666,2022-02-22T15:38:08.481Z,616053db84017366c3488b5e,616d9a7adfdfdbff593cb8c4
62150363c3454c494d8f8667,2022-02-22T15:38:14.551Z,616053db84017366c3488b5e,616d9a7adfdfdbff593cb8c4
621504f223da80ae9f9111cc,2022-02-22T15:44:53.259Z,616053db84017366c3488b5e,62128dd95ce07406ea410c8e
6215051023da80ae9f9111cd,2022-02-22T15:45:23.356Z,616053db84017366c3488b5e,6211dc2131d834c4bcae2901
6215052b23da80ae9f9111ce,2022-02-22T15:45:49.567Z,616053db84017366c3488b5e,6210b763a0033c0f50aa2409
621519e231831c08256f4192,2022-02-22T17:14:12.026Z,5fbb9998053042266ea2a887,6210b763a0033c0f50aa2409
6215c6084c9054dacf198754,2022-02-23T05:28:41.233Z,60cf9b866c337f51c28410a0,61a1b4f52d8d94685260dafb
62164462d0634e457a6575ed,2022-02-23T14:27:47.721Z,5df0256842cae90024f06702,6215162e0ef184691bbcfd35
621676eacbdcf407379be3e0,2022-02-23T18:03:24.988Z,6210835fa0033c0f50aa0e07,621664278fd53ca61c991bd3
6216d14704aaa3c7bb3fffab,2022-02-24T06:30:32.634Z,5e14d7454c963500242816b2,620b3e949ae0bcdf3e22e525
621730483d8bbdd9524812e0,2022-02-24T07:14:18.622Z,600ef618bedb04264239fd96,6216afa7f3974e87c825831a
6218787a9d41b44adbdb394e,2022-02-25T06:34:35.210Z,612cdeda4fbb634219d84ddf,61a47d094f909c8624d098d6
6218da44462edd637831e02a,2022-02-25T13:31:48.659Z,616eb454bc4aed11d6e6287f,6216afa7f3974e87c825831a
6219110acf5fc4389d9b6f29,2022-02-25T17:25:31.023Z,60ce14bb6c337f51c283acc1,6215743653738990c454a50a
62194f31585c550da7e1bcca,2022-02-25T21:50:43.130Z,60a0a287fc3956bad3bac241,61d414e1ec602405a1f4691a
621a7cee7e71b8475c365781,2022-02-26T13:21:47.573Z,6217bca18ac055fa34227184,6211219531d834c4bcae0a90
621a35ae636c08db24a02023,2022-02-26T14:14:07.553Z,6210835fa0033c0f50aa0e07,621a24448a604fb5c22e55d8
621b474fbd095bf594b5f336,2022-02-27T09:42:38.944Z,616053db84017366c3488b5e,61759eb60c9e723c3ecae390
621b757f91aa42d7ed4f14aa,2022-02-27T12:58:51.414Z,60c5cb24f1be8caa96ed9f1d,6213a7f55ce07406ea414ebe
621b7a750994aca0ac9bb351,2022-02-27T13:19:49.858Z,6207c1bb4a40fa864c68ebc9,621ab16e4c30507a8e2b3013
621b7e4bd6c1c7734b2a3a98,2022-02-27T13:36:11.191Z,6207c1bb4a40fa864c68ebc9,6209fcbabf460bbf271469df
621ba63bf2b6058ae7dc5f3d,2022-02-27T16:26:37.289Z,60f0c34aa8e8e737365d7b3d,61c6b293616a0e7629800b69
621bdaf363fe28aa89147d5b,2022-02-27T20:11:34.600Z,5eef9d20b50ed2003559643d,6211219531d834c4bcae0a90
621c04595265e99af45f962a,2022-02-27T23:09:06.127Z,61212aa69812f96d4724b533,6203b1d9ba29fe48b188661b
621c576e6b5b35c688317e03,2022-02-28T05:02:41.486Z,615f503069c88abac1bf5617,621a25328a604fb5c22e5975
621e261c6f4be07117c998d2,2022-03-01T13:56:44.521Z,61bb31a94c8e3a50d8c2a308,620f44765c2babeec0f6973d
621e40c4ad0dcb270df5d63f,2022-03-01T15:50:26.850Z,61a1cc9b7912127f74a06975,621e1b3e1cf02e7b9c00773c
621f555d6cc91d352cc4aa4d,2022-03-02T17:30:58.270Z,617cf5f4e5e022079bb198ff,621f9206a0d76239c171f763
6220b178329ed63eacdccd2d,2022-03-03T12:15:54.831Z,600ef618bedb04264239fd96,621e1217c15a2564a3ae7609
6222039d3182aa665d61bfda,2022-03-04T10:15:22.172Z,620b7ebce75494ac20cfb95a,61f3d07e9fa6c1841d4bcecd
6222eba59d67b9184bc587b3,2022-03-05T04:49:40.712Z,61ea3789a78da2051ee45082,621ab16e4c30507a8e2b3013
62234112e449894cd2ccf703,2022-03-05T10:53:10.521Z,612e2c5b4fbb634219de8b63,621cd8f8ee4b2862f3c9dbc2
622345d8c7577d968beff500,2022-03-05T11:14:02.687Z,60ee758cef0ce94a07b689cd,622339bc412a64fac6ec832a
62245ec4421ee6fe452e5e65,2022-03-06T07:12:41.653Z,615bbcae204a3b04c8781d9e,6209fcbabf460bbf271469df
62261f08b8657cdb7f024bf3,2022-03-07T15:04:41.251Z,5eb1713849cd6a0035e0d20e,61fc2e906b3d723daf45cf31
62263283cc313268d8adac93,2022-03-07T16:30:55.569Z,61f7997a3cb3139b77d6acb4,6213b854654b3ae14e5d2c48
62265e8f83a168f462a88dc9,2022-03-07T19:35:47.689Z,60ce14bb6c337f51c283acc1,622339bc412a64fac6ec832a
62273e53d0130753db76b806,2022-03-08T11:30:28.066Z,620a0b0d30ae8becfe787991,621772e9b21b0a02e7af5251
62275eb8b36c51d703c40f58,2022-03-08T13:48:38.564Z,601506a9bedb0426423a21ee,621cd8f8ee4b2862f3c9dbc2
62279aa4f0df80172c18bf60,2022-03-08T18:03:00.687Z,60a7ddd2bde66f13ade37f75,619e4a114a92e7f6b31d44b5
6228f9e8ad285181d0e630cc,2022-03-09T19:03:05.569Z,61c0b24af368a614bd1bd7ce,6228e4bbda0d9853528cd61b
6228fe1512b0b629a09965e5,2022-03-09T19:20:56.349Z,600ef618bedb04264239fd96,6228e4bbda0d9853528cd61b
6229f3563cc0209dac8fd7d4,2022-03-10T12:36:19.097Z,5fbe3029d75cf24303566b44,61759eb60c9e723c3ecae390
622a22b403a38856d55e01ed,2022-03-10T16:09:27.375Z,6137aa0620ae6c82dbee2e06,622a1e1b874e6a4cf19c4d0b
622a22d703a38856d55e01ee,2022-03-10T16:10:00.409Z,6137aa0620ae6c82dbee2e06,6229c4f7ac9bfc3076f3a8ca
622a231203a38856d55e01ef,2022-03-10T16:11:00.779Z,6137aa0620ae6c82dbee2e06,6228e4bbda0d9853528cd61b
622a233403a38856d55e01f0,2022-03-10T16:11:35.411Z,6137aa0620ae6c82dbee2e06,6228e4bbda0d9853528cd61b
622a398db0e4d244f408cdc5,2022-03-10T17:46:56.145Z,600ef618bedb04264239fd96,6228e4bbda0d9853528cd61b
622a39c10b48db465c3fc990,2022-03-10T17:47:48.973Z,6137aa0620ae6c82dbee2e06,6228e4bbda0d9853528cd61b
622b30c48d38ec65db029731,2022-03-11T11:21:40.903Z,6228f46f1cbfa67899bd2a7f,622a1e1b874e6a4cf19c4d0b
622b35a7175c78663b1e281e,2022-03-11T11:42:41.044Z,6137aa0620ae6c82dbee2e06,6228e4bbda0d9853528cd61b
622c4938f68231776be4ca5e,2022-03-12T07:22:37.117Z,5fbe449cd75cf24303566fed,6215780253738990c454a572
623033bb333befa938e8e9f9,2022-03-15T06:35:40.690Z,5f75e5ba2705300035c25716,6229d84b8995917464ce0a7d
62309ccfc0a77b6f65d9445d,2022-03-15T14:04:01.840Z,5d1af6fed4e60b002496b80b,61fd77d1dce38958edd27e7d
6230dad88242e36f5ebf096c,2022-03-15T18:28:43.009Z,6211b76831d834c4bcae2547,6215162e0ef184691bbcfd35
6231db964176ca227f00d64d,2022-03-16T12:44:08.380Z,5fbe89afd75cf24303567c9b,61f8e223e35affb5f328d2e5
6231db984176ca227f00d64e,2022-03-16T12:44:10.119Z,5fbe89afd75cf24303567c9b,61f8e223e35affb5f328d2e5
6231f08848fcbbde5e4c96ce,2022-03-16T14:14:23.551Z,5fc5f32e878c9ac22a8be088,62319898e29a449d83079011
6234240f0871f21492aa7bb1,2022-03-18T06:17:56.107Z,61f18754abcbf63d3521a5d8,6229d84b8995917464ce0a7d
623596edf28fe3fb77fd0807,2022-03-19T08:40:15.619Z,60ebeb57eb544b285fd83531,6231910b4b5d727f5855c075
6235fe9c8973ea6b85d679fd,2022-03-19T16:02:41.196Z,617024810d67f630e59f0936,6231910b4b5d727f5855c075
62375478517b20c270a2b097,2022-03-20T16:21:13.762Z,6234cd142bf72b194cda10b2,6236a4b7a4a23b34170ad7fd
623a6603e07fbf1b2a3b419e,2022-03-23T12:12:53.133Z,616fbe1c0d67f630e59b5bad,623af35e9590159ffb283d35
623b660bd8743946034425a7,2022-03-23T18:25:17.823Z,5ef87ef006b87800354f1f89,6238c0208b4b8d32ae483a01
623b6616d8743946034425a8,2022-03-23T18:25:27.301Z,5ef87ef006b87800354f1f89,6238c0208b4b8d32ae483a01
623c5b1585830270d1a9737b,2022-03-24T11:50:47.032Z,5fbe89afd75cf24303567c9b,600eb298bedb04264239fb30
623cebac6943a8d85e7eab66,2022-03-24T22:07:42.961Z,60aa33ce764220ccbddb3ec0,623c50339e36f64155938ee2
623d40f24dbe4a6965ac234c,2022-03-25T10:14:02.231Z,623186bf0e616e6880e7211c,623ce99f19de448c35277ef9
623dda90d5b92432657be4ef,2022-03-25T15:07:00.394Z,60cac4a76c337f51c282d6cf,623c50339e36f64155938ee2
623de62058cae52861705294,2022-03-25T15:56:21.301Z,5faa6ecd8ebd0720bb0223a8,6238c0208b4b8d32ae483a01
623decd74c5fade10a9747e5,2022-03-25T16:24:57.080Z,5d0b4afe0193e300249cfba1,623d87d38fcb05462b3926d3
623dfd770c443d4d87353bc7,2022-03-25T17:35:52.892Z,61c41c78f9fd2b7f836ce436,623d87d38fcb05462b3926d3
6242010fa33e4be09a31e9b6,2022-03-28T18:40:17.091Z,61f96fbdce477770d50ce3b8,623408bd641e6497ee8d4a48
62421076c1c345e1fbd72119,2022-03-28T19:46:00.204Z,6241b896e1e1a861fc9843fa,60cac6606c337f51c282d6f7
62424d57babb08b554f6896f,2022-03-29T12:05:56.067Z,616fbe1c0d67f630e59b5bad,62423f91e1e1a861fc987a3b
624384ed3ca89dcf87a262a2,2022-03-29T22:15:12.275Z,62436fd9ca8bd40822415f25,62432e489bad6fc411201b85
624388641ec2985f0a4ce456,2022-03-29T22:29:58.893Z,62436fd9ca8bd40822415f25,62438754ca8bd40822416378
6243de163d4988771e6c1f2b,2022-03-30T04:35:35.964Z,5fbe66c5d75cf24303567645,6213e6527652fc8c4f66d386
6243fbe060daaada9ee0ded3,2022-03-30T06:42:41.372Z,60f3f76fa8e8e737365f6574,6242ba6be1e1a861fc989626
6244454bdc6b49de0600e584,2022-03-30T12:00:34.797Z,5fbe449cd75cf24303566fed,6235664be4b4231ba6ed59c5
624450bfd7beaf9bc5558c15,2022-03-30T12:44:49.908Z,609baa092eda6c7e4570bdb8,620009f1f126fb79dc670aac
6244561e0294be9faebe0803,2022-03-30T13:07:44.604Z,60aa33ce764220ccbddb3ec0,62423f91e1e1a861fc987a3b
6244677fa7247235797b4702,2022-03-30T14:21:52.981Z,616e4d24bb137ccf443428e0,623e8c598fcb05462b396ab1
624487af6d03f41b63b9226d,2022-03-30T16:40:16.334Z,615b7048204a3b04c87647ed,62432e489bad6fc411201b85
624560dea6c5b743068b74d5,2022-03-31T08:05:51.658Z,615b7048204a3b04c87647ed,620b3e949ae0bcdf3e22e525
6246761b5312831aa4549538,2022-04-01T03:49:52.004Z,600ef618bedb04264239fd96,623e8d668fcb05462b396f4c
62468bb7979f687e82ba724e,2022-04-01T05:20:58.055Z,61c1250b6f972e2ed647cdac,61bf3c3373ca36f1e350e098
62468c3afbc6815bcc228dec,2022-04-01T05:23:08.374Z,61c1250b6f972e2ed647cdac,6245ab5edb992c5312ae37fb
6249151fa05d8535630ac5c0,2022-04-03T03:31:45.591Z,603414775ef9ba5d32b6ba0d,62330f662e17ed67a2055410
6.25E+23,2022-04-03T05:58:25.369Z,616db7cd113b6796eb72a026,6248928a4b91c6b2299a162d
6249382e2680703523650701,2022-04-03T06:01:19.387Z,616db7cd113b6796eb72a026,624753d90b169eacbf203c78
624938a95dc435abac5c203c,2022-04-03T06:03:22.413Z,60a6c9a05e94220c3eb364a8,624753d90b169eacbf203c78
624aa595698cc558eda89d46,2022-04-04T08:05:05.899Z,5fbe449cd75cf24303566fed,624a6927248e7ab1025560a6
624afa4cc04584eab1228b5c,2022-04-04T14:01:50.252Z,60d210533248ed8e533a4232,6217882d7e5e04461aa0886c
624dd20565b853eae4c62ca5,2022-04-06T17:46:47.196Z,616db7cd113b6796eb72a026,624ac73155f4d3d78f7945e5
62512c5e9e5acae0a4539a77,2022-04-09T06:49:03.890Z,613de6ea5b575f3c184e06c5,623408bd641e6497ee8d4a48
62512eca763e98dc5e624ff1,2022-04-09T06:59:24.056Z,5f21a265622d80003536e252,624a6927248e7ab1025560a6
6256e14c62f5ae6b23426c7f,2022-04-13T14:42:20.579Z,6141527d11d1927c26c1d9b7,616076e19ae25675d5688019
6257a5be3dfcfcfa82e0db0f,2022-04-14T04:40:31.379Z,600eb04fbedb04264239fb05,600eb298bedb04264239fb30
6258081f426949ce66757e37,2022-04-14T11:40:20.720Z,61bf0fca5172afc530a92e06,62552e483c0fa2b2a8293fb6
625811342a654ad2bcc0d340,2022-04-14T12:19:02.712Z,60e5d3c7af535270cc0db39a,625732bdfab036534734d889
625823cd6b89e73bdf54f2f5,2022-04-14T13:38:23.020Z,6254334e72da4d76665ea9c6,625732bdfab036534734d889
6257e4dfb0068a061eccd440,2022-04-14T15:11:57.317Z,625770152ae18520fe8dc9ff,625813f4da2b9e35a9e7c473
625bbd663aed5572ca2f791d,2022-04-17T07:10:33.268Z,61924f5711251a86530850cb,623b1b9b354b3f2e452ff587
625bbf3a7ac6a55175dee7c5,2022-04-17T07:18:19.620Z,5cc875aaa130ee002484131b,623b1b9b354b3f2e452ff587
625d3b5b183eda334e5638cc,2022-04-18T10:18:44.194Z,60a7ddd2bde66f13ade37f75,61fd77d1dce38958edd27e7d
625d4e177abe0bfa619d5ad0,2022-04-18T11:40:13.136Z,5f814a3f5964f50035395025,625c3483ce822ea1c772d265
625d4f5015eb36b7a8b2f265,2022-04-18T11:45:21.728Z,5df0256842cae90024f06702,625c3483ce822ea1c772d265
625e328206ec02f2712dd6ba,2022-04-19T03:54:45.342Z,610230e62e9cf52dd0bc2fc9,62481d8e3508ef3034006de8
626151807209297df91c7023,2022-04-21T12:43:45.944Z,6116ed3f038fac93897cc21f,625c82914311c99badd2c3cc
62617c2dc0c1195656d55b96,2022-04-21T15:45:51.769Z,60a8cd3cbde66f13ade397d6,625931ee629900d2aa3a9a37
626522a5910a9248d4f57c39,2022-04-24T10:12:54.207Z,5d0b4afe0193e300249cfba1,6264b5e3a135ea5e7feef2fb
6266b6963cac2017e4348f4a,2022-04-25T14:56:25.727Z,5d0b4afe0193e300249cfba1,61f1001688e9b087e9240561
6267a026687867883737d40c,2022-04-26T07:32:54.919Z,6175792a0c9e723c3ec9d9e4,6267a008b6930df3d88b0a69
6267a85140a5504907cc4c85,2022-04-26T08:07:46.505Z,60f9560ca12de89650205cff,6266dcee89fe3a5ef19d8974
6267ab6640a5504907cc4c86,2022-04-26T08:20:56.395Z,60f9560ca12de89650205cff,625fba0ff492881b670ab882
6267ac9c40a5504907cc4c87,2022-04-26T08:26:06.418Z,60f9560ca12de89650205cff,625eeaa05dede184a2ae5506
6267acb140a5504907cc4c88,2022-04-26T08:26:26.713Z,60f9560ca12de89650205cff,625ee978900e896dd2aa1b47
6267accf40a5504907cc4c89,2022-04-26T08:26:59.312Z,60f9560ca12de89650205cff,625d7c388e43cec6aeb903cd
6267ad2e40a5504907cc4c8a,2022-04-26T08:28:32.098Z,60f9560ca12de89650205cff,625d1a337270b27d557506b3
6267ad7840a5504907cc4c8b,2022-04-26T08:29:45.796Z,60f9560ca12de89650205cff,625c56080cd401fc5cd4d3b0
6267adf240a5504907cc4c8c,2022-04-26T08:31:47.828Z,60f9560ca12de89650205cff,625bee1688e631bc45365b88
6267b05740a5504907cc4c8d,2022-04-26T08:42:00.979Z,60f9560ca12de89650205cff,62593be6044cd70041331743
6267b76bc98029c461f33ab6,2022-04-26T09:12:12.658Z,60f9560ca12de89650205cff,6171df7e3cee770d7f402307
62680566bda2c286ce7d0368,2022-04-26T14:44:56.729Z,60f9560ca12de89650205cff,6267a86f381fea0b891e3421
62682584891fd81170d90cdb,2022-04-26T17:01:56.723Z,61159898038fac938976eece,6267a86f381fea0b891e3421
62682b17282261c2bfc9e9f4,2022-04-26T17:25:44.049Z,624af01d19142054be330154,6267a86f381fea0b891e3421
62682b20282261c2bfc9e9f5,2022-04-26T17:25:53.501Z,624af01d19142054be330154,6267a86f381fea0b891e3421
6268ba38ef0343961154cb54,2022-04-27T03:35:00.030Z,60a7ddd2bde66f13ade37f75,62481d8e3508ef3034006de8
6268ba74ef0343961154cb55,2022-04-27T03:35:59.579Z,60a7ddd2bde66f13ade37f75,61979bf2f0fe8828412ecfb5
6268ba7eef0343961154cb56,2022-04-27T03:36:09.350Z,60a7ddd2bde66f13ade37f75,61979bf2f0fe8828412ecfb5
6268cf12e52be2d75ac05bf4,2022-04-27T05:05:23.693Z,61159898038fac938976eece,625d7c388e43cec6aeb903cd
6268cf45e52be2d75ac05bf5,2022-04-27T05:06:14.995Z,61159898038fac938976eece,6267a86f381fea0b891e3421
6268d70f2ebb821b78a86210,2022-04-27T05:39:29.835Z,60f9560ca12de89650205cff,626805739405ba4e0773d611
6268d7922ebb821b78a86211,2022-04-27T05:41:41.446Z,60f9560ca12de89650205cff,6255caf9d39833b2c37a0cca
6268dff050c256e9c3a07f41,2022-04-27T06:17:37.403Z,60f9560ca12de89650205cff,62549265c22941b9353e6c4c
62695f3bc81bf00ce9575d4f,2022-04-27T16:20:37.912Z,6268c12b9b89ece90f9cd334,6268c697f0dc460213d5a40d
626a7213a553b544f4c09c25,2022-04-28T10:53:10.080Z,612ba1084fbb634219d64ccc,6267bd5802c300561e5fde1b
626a7c3b673c17439494dd99,2022-04-28T11:36:31.421Z,6208deb3a2f5012ece58124f,616076e19ae25675d5688019
626aff31397c37509525ac06,2022-04-28T20:55:14.498Z,6266ee1f65915fa5258a1dc4,626add503998373aa03db43c
626b763b3a930496e646551c,2022-04-29T05:23:08.801Z,5e58c712a0f7c50024e7b13a,62671428a34ca41b37a9b5d4
626bf13402ff23bc0a658cca,2022-04-29T14:07:50.979Z,6259a3d436ca453dd346bbb8,6269a9aa62fbda80d5b51dec
626c15648280e3cc70ada959,2022-04-29T16:42:24.121Z,615bb895204a3b04c87802c6,6269a9aa62fbda80d5b51dec
626ce022a186da0278dc32c2,2022-04-30T07:07:14.565Z,5f7389e10a54800035e1a144,6267921db565cac4a02eac02
626d098d8ce28716fde05e60,2022-04-30T10:04:54.106Z,61212aa69812f96d4724b533,6266c3c2d0dc8e18dfd20eb4
626da488cf05da471e245274,2022-04-30T21:05:15.167Z,5f8e8d027b05a70035fcf837,626c053af3b46061de9b83b2
626da6c2cf05da471e24527d,2022-04-30T21:14:45.673Z,5f8e8d027b05a70035fcf837,626805739405ba4e0773d611
626e149a61226e30573f1222,2022-05-01T05:03:23.517Z,6134d5e49f663dd7836a120e,626c053af3b46061de9b83b2
626e6692fc4221184d35293c,2022-05-01T10:53:11.644Z,5f8e8d027b05a70035fcf837,626c053af3b46061de9b83b2
626ebdf6ce6d51eed6c70151,2022-05-01T17:06:01.570Z,615b7048204a3b04c87647ed,625c56080cd401fc5cd4d3b0
626f968dd47694ca369a8cc1,2022-05-02T08:30:07.749Z,612f22d14fbb634219e387a0,626f68dcb08b2847d7865d3a
626fd7739553ff06c2805a4a,2022-05-02T13:07:58.068Z,5fd14c449cf1fdb7daf5abb7,626fd6d35e728fac9f3330e7
62703c97a310f052b62c721b,2022-05-02T14:18:53.872Z,62434d55ca8bd40822415116,626cec7e1223d14f048d6012
626feb6bcfeb1a94fb47982a,2022-05-02T14:32:35.161Z,5f8e8d027b05a70035fcf837,626f85de60d957a295e7aee2
626feb6fcfeb1a94fb47982b,2022-05-02T14:32:35.230Z,5f8e8d027b05a70035fcf837,626f85de60d957a295e7aee2
627025aa1778f5f8495d7b67,2022-05-02T18:40:42.864Z,6270242d20420aa622bb66c9,616dd062113b6796eb74fa48
6270ccd1b155a17e14ecc860,2022-05-03T06:33:55.158Z,5d83422798b6ed0024c1b0bb,626b0969a2ad84c4f7d4a95f
6270d0e5a853837b40569b68,2022-05-03T06:51:16.937Z,61159898038fac938976eece,626b0969a2ad84c4f7d4a95f
627223e9f6f7caa2e3b5d9bd,2022-05-04T06:57:48.207Z,611a4f315e8f267fc7d9b72d,61d2a025c9cc819a332a88cd
6272738cfcd9647ea5c6204e,2022-05-04T12:37:33.661Z,617ec828e5e022079bb6dd13,627244e08355ce725a4174bf
6272dee454360737330fde64,2022-05-04T20:15:33.766Z,60a8f8bcbde66f13ade39ca4,627244e08355ce725a4174bf
627411ed57715227d2af2715,2022-05-05T18:05:35.014Z,6248f8d79699260727e7ddbf,62549265c22941b9353e6c4c
627551d4278c4c5ca24e01c0,2022-05-06T16:50:35.499Z,5fe22ce4fc16c2881e4af706,6274a8832375ceb5baf12a77
6276c7fe0a5310bcb9cefdde,2022-05-07T19:26:55.096Z,5fbb8a4addc45921a27fecd0,626180591fc411e6c6cbb6ba
6276c8180a5310bcb9cefddf,2022-05-07T19:27:21.196Z,5fbb8a4addc45921a27fecd0,626180591fc411e6c6cbb6ba
62776753757d970da590f3fc,2022-05-08T06:46:45.550Z,6138ab5277c913abbd3a5ce1,6274c4569524d62efa4950bc
62776c60e9600134ddacf56a,2022-05-08T07:10:53.397Z,60110a36bedb0426423a0898,626180591fc411e6c6cbb6ba
6277c580230782b67bf999af,2022-05-08T13:31:08.961Z,60110a36bedb0426423a0898,62552e483c0fa2b2a8293fb6
6279f92155e51c90d847d116,2022-05-10T05:33:23.054Z,6279dc2f3cbb5590d5669a22,62151b5b0ef184691bbd158e
627a5139acbbe771fc21a1d2,2022-05-10T11:51:52.431Z,60110a36bedb0426423a0898,626180591fc411e6c6cbb6ba
627c286f20831ebfd8e7e4bb,2022-05-11T21:19:45.967Z,627916a261af76fc100ba908,6241d0a6e1e1a861fc985c13
627d3e1e246c2c15fcaea18b,2022-05-12T17:04:31.139Z,5fbb8a4addc45921a27fecd0,627d3a5e89debc6961f2e287
627d3e27246c2c15fcaea18c,2022-05-12T17:04:40.840Z,5fbb8a4addc45921a27fecd0,627d3a5e89debc6961f2e287
627d3e35246c2c15fcaea18d,2022-05-12T17:04:55.293Z,5fbb8a4addc45921a27fecd0,627d3a5e89debc6961f2e287
627d7d278acf26afd445fafb,2022-05-12T21:32:07.423Z,60a7ddd2bde66f13ade37f75,6274a8832375ceb5baf12a77
627e477eb923270314a1e7f8,2022-05-13T11:56:47.645Z,61014ef72e9cf52dd0b8edce,627d3a5e89debc6961f2e287
627e8c83d9c91c72d37eeaae,2022-05-13T16:51:17.914Z,61ea3789a78da2051ee45082,627e4943e3badfe8b2a4b9ff
627ea53d60240590e9e8396e,2022-05-13T18:36:46.391Z,60a762d8bde66f13ade37629,61ddefa115053f27e7647fc6
627f42c4fe650115703403f9,2022-05-14T05:48:53.265Z,60ec1fc8eb544b285fd8675e,627e4943e3badfe8b2a4b9ff
627f43b0d05dff0218a0181a,2022-05-14T11:52:14.988Z,5fc1058658e90f92557474b0,6242ace0e1e1a861fc988a3f
628001610e72f21131d05613,2022-05-14T19:22:11.899Z,5f8e8d027b05a70035fcf837,627e4903e3badfe8b2a4b9ce
6280e5b1f12185f0047bee6f,2022-05-15T11:36:18.708Z,616772f94effab0e633431fb,627e7681a83dbf6ffd730840
6280e6dcb5a9468f07568b3a,2022-05-15T11:41:17.060Z,60a6a5966e16f581faa1974d,627e4903e3badfe8b2a4b9ce
62813871e09d75f1e89df2ca,2022-05-15T17:29:25.508Z,60c75a804b5ae10868f7e50c,6267921db565cac4a02eac02
628275de610c54e9c7451138,2022-05-16T16:03:42.941Z,61f5bb82a817b49e0ddbda31,623199efe29a449d83079099
628294599dee4c15facafd2b,2022-05-16T18:13:47.093Z,61f531096cb395e460327036,622c24d4a3bcfdef0169bfce
628413e9162dccbb1e4e0329,2022-05-17T10:25:21.635Z,61f8f91ad26fb00939b17f23,628292db3339b163a0a116a1
6283a4ba4d02203959b47595,2022-05-17T13:35:55.582Z,60c8addf4b5ae10868f85c90,627fbfefe8c0aba0998516f6
6283a4e94d02203959b47596,2022-05-17T13:36:41.699Z,60c8addf4b5ae10868f85c90,627fbfefe8c0aba0998516f6
6283a4e9abd283e12eb6e0b8,2022-05-17T13:36:43.555Z,5fb050e862bb988d3f91933a,627fbfefe8c0aba0998516f6
6283f738a2e5845bb0d7d77c,2022-05-17T19:27:54.292Z,6276d978faaa7cd773ece443,627e38ebe6843da51a3537ad
6285c87917729edc23c36f09,2022-05-19T04:33:33.911Z,60ee758cef0ce94a07b689cd,6285058db432675d8645c571
62870b8ca9cb8a8b50cdf26b,2022-05-20T03:31:24.844Z,5fde6937708b20321ace4d7b,62867418731bd099c0a36bd1
62894b15ab753ce8afe4d8b2,2022-05-21T20:28:42.727Z,61c00ebc85af71649d872097,61bf3c3373ca36f1e350e098
628958a382824cc64404be30,2022-05-21T21:24:53.147Z,628952cb0c9a9b2db0e6e5aa,616afc75ab74f22113018cac
6289dca1ffca90d853876ffb,2022-05-22T00:44:19.794Z,5fee861c329cf6509ba408fc,6243680fca8bd40822415deb
6289d96675627db3207a684d,2022-05-22T06:34:15.905Z,627f560d12b97c4a75bf4b00,627771e0daf3f9c816bc814c
628b6be3a0535e4f2a5773d6,2022-05-23T11:12:05.994Z,60ee758cef0ce94a07b689cd,6285036bff7aaf473b574f58
62908c72bea8aae45b1ab54b,2022-05-27T08:31:47.517Z,5f7389e10a54800035e1a144,628f24732f6da4a818642059
6290942126a71764a4ba7dec,2022-05-27T09:04:33.986Z,60aa1a5a764220ccbddb2e71,628f4b0027870c2f8354e92e
6292195f91df427ae3841a24,2022-05-28T12:45:20.140Z,629197a92d3fe01f39e368bd,62921026909a82dcbc6c59b7
62971674d4076649bb08b0ae,2022-06-01T07:35:09.054Z,61212aa69812f96d4724b533,6274c4569524d62efa4950bc
62983e67a13351c9676142f6,2022-06-02T04:36:57.629Z,5f7d97d0720b5e0035401574,628f4b0027870c2f8354e92e
629aee9385a53193edac661d,2022-06-04T05:33:08.980Z,616d0b977d9e43154d8b9ca8,6285058db432675d8645c571
629ca3f4a7a3ca6fbc6000d6,2022-06-05T12:39:17.126Z,5fc1279c58e90f92557479c7,629c7e3bee92330169e67bbb
629d859a61bd50a513fb5843,2022-06-06T04:42:02.961Z,5dde99efe40c670024982ffb,629223e4909a82dcbc6c74ad
629e3069ca544e3a8a703710,2022-06-06T16:51:17.509Z,60ee758cef0ce94a07b689cd,6285058db432675d8645c571
629e30a7ca544e3a8a703711,2022-06-06T16:52:19.642Z,60ee758cef0ce94a07b689cd,6285058db432675d8645c571
629e576762b7c1d49f68e34a,2022-06-06T19:37:18.756Z,61bb9a32ac696fc38e35afa7,629e51d74617d0fb4254a51e
629e579f62b7c1d49f68e34b,2022-06-06T19:38:09.992Z,61bb9a32ac696fc38e35afa7,629c3d81ee92330169e666da
629f8ed3f0d5359f5497a109,2022-06-07T17:46:51.550Z,61212aa69812f96d4724b533,629e51d74617d0fb4254a51e
629f96bf365d399b27ab2d72,2022-06-07T18:19:46.167Z,61bb9a32ac696fc38e35afa7,629e51d74617d0fb4254a51e
629f970d2c55eb886a2ec3eb,2022-06-07T18:21:03.651Z,616d0b977d9e43154d8b9ca8,629c7e3bee92330169e67bbb
62a32e0f8a99b63aca854339,2022-06-10T11:42:06.957Z,616e9682c7c1c20a4c36721b,629223e4909a82dcbc6c74ad
62a6035668a3a31dbb924c22,2022-06-12T15:16:39.300Z,5ef46b2912685800355be9ce,62a4232ec8891dc406d8dd2f
62a6275b752b9c3eb93aa1df,2022-06-12T17:51:09.598Z,60d8bca4fdbf436f466171b8,62a4232ec8891dc406d8dd2f
62a74670e359436667480b99,2022-06-13T08:11:38.319Z,61003cbb197ee8044075e52d,62a332253ac1ec01b72fc202
62a76aa2defb687c40fe86d4,2022-06-13T16:49:38.759Z,619dff81876652999e1db90b,62a4bee154cbaa960d7a3114
62a76ab2defb687c40fe86d5,2022-06-13T16:49:55.476Z,619dff81876652999e1db90b,62a4beee54cbaa960d7a3145
62a8215b067cc777e553cedf,2022-06-14T05:49:16.693Z,62a820c4c4f892b9842e0ca7,6260846c3eaf8bac0a6f8d54
62aa4f7cde32621ee4084f6c,2022-06-15T21:30:37.401Z,5dbf2fc6d76f5c00241d83bc,629392f1f207a2693ff207a0
62abbb7ea2d1d2b62e1ca32c,2022-06-17T11:23:13.339Z,616fbe1c0d67f630e59b5bad,62a89cfb495fa39e3992827d
62ae97b014e2c36c3a2ecdd2,2022-06-19T15:27:17.991Z,616fbe1c0d67f630e59b5bad,62af2c58eca29c411569bb0f
